0,4.5894,0
0.1,4.9572,0
0.2,4.9753,0
0.3,4.981,0
0.4,4.9762,0
0.5,4.9667,0
0.6,4.9534,0
0.7,4.9439,0
0.8,4.9487,0
0.9,4.9639,0
1,4.9867,0
1.1,5.0038,0
1.2,5.0095,0
1.3,5.0124,0
1.4,5.0095,0
1.5,5.0143,0
1.6,5.0285,0
1.7,5.0409,0
1.8,5.058,0
1.9,5.0779,0
2,5.0922,0
2.1,5.0941,0
2.2,5.0875,0
2.3,5.076,0
2.4,5.0675,0
2.5,5.0741,0
2.6,5.0903,0
2.7,5.1036,0
2.8,5.1103,0
2.9,5.1055,0
3,5.0903,0
3.1,5.0722,0
3.2,5.0646,0
3.3,5.0637,0
3.4,5.0837,0
3.5,5.1036,0
3.6,5.115,0
3.7,5.1293,0
3.8,5.1302,0
3.9,5.1198,0
4,5.1112,0
4.1,5.1198,0
4.2,5.1378,0
4.3,5.1606,0
4.4,5.1797,0
4.5,5.1835,0
4.6,5.1683,0
4.7,5.1511,0
4.8,5.135,0
4.9,5.135,0
5,5.1521,0
5.1,5.1806,0
5.2,5.2063,0
5.3,5.2196,0
5.4,5.1968,0
5.5,5.1749,0
5.6,5.1721,0
5.7,5.1825,0
5.8,5.2101,0
5.9,5.2586,0
6,5.2975,0
6.1,5.307,0
6.2,5.2956,0
6.3,5.2776,0
6.4,5.2548,0
6.5,5.2538,0
6.6,5.2766,0
6.7,5.3108,0
6.8,5.3451,0
6.9,5.3612,0
7,5.3301,0
7.1,5.3295,0
7.2,5.3344,0
7.3,5.339,0
7.4,5.3435,0
7.5,5.3481,0
7.6,5.3531,0
7.7,5.3582,0
7.8,5.3634,0
7.9,5.3684,0
8,5.3727,0
8.1,5.3767,0
8.2,5.3811,0
8.3,5.3854,0
8.4,5.3906,0
8.5,5.3957,0
8.6,5.4008,0
8.7,5.4059,0
8.8,5.4111,0
8.9,5.4161,0
9,5.4211,0
9.1,5.426,0
9.2,5.4314,0
9.3,5.4371,0
9.4,5.443,0
9.5,5.4484,0
9.6,5.4534,0
9.7,5.4587,0
9.8,5.4643,0
9.9,5.4698,0
10,5.4749,0
10.1,5.4798,0
10.2,5.4849,0
10.3,5.4908,0
10.4,5.4962,0
10.5,5.501,0
10.6,5.5056,0
10.7,5.5103,0
10.8,5.5156,0
10.9,5.5213,0
11,5.5268,0
11.1,5.5319,0
11.2,5.5373,0
11.3,5.543,0
11.4,5.5484,0
11.5,5.5532,0
11.6,5.5586,0
11.7,5.5655,0
11.8,5.5724,0
11.9,5.5782,0
12,5.5831,0
12.1,5.588,0
12.2,5.5934,0
12.3,5.5991,0
12.4,5.6048,0
12.5,5.6103,0
12.6,5.6158,0
12.7,5.6216,0
12.8,5.6268,0
12.9,5.6311,0
13,5.6352,0
13.1,5.6403,0
13.2,5.6466,0
13.3,5.653,0
13.4,5.659,0
13.5,5.6646,0
13.6,5.6705,0
13.7,5.6769,0
13.8,5.6834,0
13.9,5.6897,0
14,5.6963,0
14.1,5.7038,0
14.2,5.7117,0
14.3,5.7194,0
14.4,5.7268,0
14.5,5.7339,0
14.6,5.7412,0
14.7,5.7487,0
14.8,5.7559,0
14.9,5.7629,0
15,5.7706,0
15.1,5.7782,0
15.2,5.7853,0
15.3,5.7916,0
15.4,5.7971,0
15.5,5.8025,0
15.6,5.8085,0
15.7,5.8146,0
15.8,5.8208,0
15.9,5.8265,0
16,5.8313,0
16.1,5.8355,0
16.2,5.8395,0
16.3,5.8433,0
16.4,5.8473,0
16.5,5.8517,0
16.6,5.8563,0
16.7,5.8605,0
16.8,5.8642,0
16.9,5.8678,0
17,5.8714,0
17.1,5.875,0
17.2,5.8788,0
17.3,5.8829,0
17.4,5.8871,0
17.5,5.891,0
17.6,5.8955,0
17.7,5.9002,0
17.8,5.905,0
17.9,5.9096,0
18,5.9144,0
18.1,5.9196,0
18.2,5.9252,0
18.3,5.9312,0
18.4,5.9373,0
18.5,5.9435,0
18.6,5.9496,0
18.7,5.9557,0
18.8,5.9623,0
18.9,5.9693,0
19,5.9764,0
19.1,5.9834,0
19.2,5.9902,0
19.3,5.9968,0
19.4,6.0034,0
19.5,6.0103,0
19.6,6.0175,0
19.7,6.0245,0
19.8,6.0309,0
19.9,6.0374,0
20,6.0438,0
20.1,6.0506,0
20.2,6.0576,0
20.3,6.0646,0
20.4,6.0718,0
20.5,6.0791,0
20.6,6.0861,0
20.7,6.093,0
20.8,6.0999,0
20.9,6.1073,0
21,6.1154,0
21.1,6.1239,0
21.2,6.1321,0
21.3,6.1398,0
21.4,6.1473,0
21.5,6.1549,0
21.6,6.1627,0
21.7,6.1705,0
21.8,6.1789,0
21.9,6.1878,0
22,6.1964,0
22.1,6.2042,0
22.2,6.2116,0
22.3,6.2187,0
22.4,6.2265,0
22.5,6.2346,0
22.6,6.2426,0
22.7,6.2502,0
22.8,6.2579,0
22.9,6.2657,0
23,6.2733,0
23.1,6.2802,0
23.2,6.2867,0
23.3,6.2934,0
23.4,6.3005,0
23.5,6.3075,0
23.6,6.3142,0
23.7,6.3208,0
23.8,6.3278,0
23.9,6.3347,0
24,6.3408,0
24.1,6.3459,0
24.2,6.3512,0
24.3,6.3578,0
24.4,6.365,0
24.5,6.3718,0
24.6,6.3779,0
24.7,6.3837,0
24.8,6.3893,0
24.9,6.3952,0
25,6.4007,0
25.1,6.4063,0
25.2,6.4127,0
25.3,6.4198,0
25.4,6.4266,0
25.5,6.4319,0
25.6,6.4363,0
25.7,6.4421,0
25.8,6.4484,0
25.9,6.4542,0
26,6.4598,0
26.1,6.4657,0
26.2,6.4726,0
26.3,6.48,0
26.4,6.4864,0
26.5,6.492,0
26.6,6.4978,0
26.7,6.5049,0
26.8,6.5128,0
26.9,6.5209,0
27,6.5291,0
27.1,6.5381,0
27.2,6.5485,0
27.3,6.5587,0
27.4,6.5681,0
27.5,6.5772,0
27.6,6.5872,0
27.7,6.5991,0
27.8,6.6118,0
27.9,6.6243,0
28,6.6366,0
28.1,6.6493,0
28.2,6.6618,0
28.3,6.6738,0
28.4,6.6852,0
28.5,6.6969,0
28.6,6.7094,0
28.7,6.7226,0
28.8,6.735,0
28.9,6.7464,0
29,6.7576,0
29.1,6.7685,0
29.2,6.7789,0
29.3,6.7888,0
29.4,6.7982,0
29.5,6.8078,0
29.6,6.8181,0
29.7,6.8285,0
29.8,6.8384,0
29.9,6.8473,0
30,6.8557,0
30.1,6.8641,0
30.2,6.8725,0
30.3,6.8804,0
30.4,6.8884,0
30.5,6.8969,0
30.6,6.9058,0
30.7,6.9144,0
30.8,6.9223,0
30.9,6.9296,0
31,6.937,0
31.1,6.9445,0
31.2,6.9521,0
31.3,6.9599,0
31.4,6.9677,0
31.5,6.9757,0
31.6,6.9841,0
31.7,6.9924,0
31.8,7.0003,0
31.9,7.0077,0
32,7.0151,0
32.1,7.023,0
32.2,7.031,0
32.3,7.0395,0
32.4,7.0483,0
32.5,7.057,0
32.6,7.0652,0
32.7,7.073,0
32.8,7.0805,0
32.9,7.0885,0
33,7.0971,0
33.1,7.1062,0
33.2,7.1159,0
33.3,7.1254,0
33.4,7.1345,0
33.5,7.1436,0
33.6,7.1528,0
33.7,7.1621,0
33.8,7.1717,0
33.9,7.182,0
34,7.1929,0
34.1,7.2044,0
34.2,7.2159,0
34.3,7.227,0
34.4,7.2379,0
34.5,7.2491,0
34.6,7.2606,0
34.7,7.2723,0
34.8,7.2844,0
34.9,7.2969,0
35,7.3096,0
35.1,7.3222,0
35.2,7.3341,0
35.3,7.3454,0
35.4,7.3564,0
35.5,7.3677,0
35.6,7.3791,0
35.7,7.3907,0
35.8,7.4024,0
35.9,7.4138,0
36,7.4249,0
36.1,7.4352,0
36.2,7.4449,0
36.3,7.4546,0
36.4,7.4647,0
36.5,7.4754,0
36.6,7.4867,0
36.7,7.4977,0
36.8,7.5086,0
36.9,7.5195,0
37,7.5303,0
37.1,7.5411,0
37.2,7.5517,0
37.3,7.5626,0
37.4,7.5742,0
37.5,7.5862,0
37.6,7.598,0
37.7,7.6097,0
37.8,7.6208,0
37.9,7.6316,0
38,7.6422,0
38.1,7.6527,0
38.2,7.663,0
38.3,7.6735,0
38.4,7.6839,0
38.5,7.6937,0
38.6,7.7033,0
38.7,7.7122,0
38.8,7.7206,0
38.9,7.7285,0
39,7.736,0
39.1,7.7431,0
39.2,7.7504,0
39.3,7.7575,0
39.4,7.7644,0
39.5,7.7708,0
39.6,7.7766,0
39.7,7.7823,0
39.8,7.7879,0
39.9,7.7935,0
40,7.7993,0
40.1,7.8055,0
40.2,7.8126,0
40.3,7.8204,0
40.4,7.8283,0
40.5,7.836,0
40.6,7.8438,0
40.7,7.8524,0
40.8,7.8621,0
40.9,7.8728,0
41,7.8844,0
41.1,7.8969,0
41.2,7.9104,0
41.3,7.9238,0
41.4,7.9373,0
41.5,7.9509,0
41.6,7.9651,0
41.7,7.9801,0
41.8,7.9958,0
41.9,8.0114,0
42,8.0271,0
42.1,8.0429,0
42.2,8.0582,0
42.3,8.0731,0
42.4,8.0873,0
42.5,8.1012,0
42.6,8.1155,0
42.7,8.1302,0
42.8,8.1445,0
42.9,8.1587,0
43,8.1726,0
43.1,8.1861,0
43.2,8.1989,0
43.3,8.2115,0
43.4,8.224,0
43.5,8.237,0
43.6,8.2507,0
43.7,8.2646,0
43.8,8.2783,0
43.9,8.2912,0
44,8.3037,0
44.1,8.3163,0
44.2,8.3292,0
44.3,8.3419,0
44.4,8.3545,0
44.5,8.3672,0
44.6,8.3796,0
44.7,8.392,0
44.8,8.4037,0
44.9,8.415,0
45,8.4261,0
45.1,8.4373,0
45.2,8.4484,0
45.3,8.4592,0
45.4,8.4697,0
45.5,8.4803,0
45.6,8.4911,0
45.7,8.5017,0
45.8,8.5121,0
45.9,8.5221,0
46,8.5325,0
46.1,8.5431,0
46.2,8.5536,0
46.3,8.5643,0
46.4,8.5751,0
46.5,8.5861,0
46.6,8.5971,0
46.7,8.6078,0
46.8,8.6184,0
46.9,8.6288,0
47,8.6394,0
47.1,8.6502,0
47.2,8.6614,0
47.3,8.6726,0
47.4,8.6839,0
47.5,8.6952,0
47.6,8.7062,0
47.7,8.7172,0
47.8,8.7281,0
47.9,8.7393,0
48,8.751,0
48.1,8.7633,0
48.2,8.7761,0
48.3,8.7888,0
48.4,8.8014,0
48.5,8.8139,0
48.6,8.8264,0
48.7,8.839,0
48.8,8.8523,0
48.9,8.8662,0
49,8.8807,0
49.1,8.8953,0
49.2,8.9098,0
49.3,8.9242,0
49.4,8.9385,0
49.5,8.953,0
49.6,8.9682,0
49.7,8.9842,0
49.8,9.0009,0
49.9,9.018,0
50,9.0353,0
50.1,9.0526,0
50.2,9.07,0
50.3,9.0877,0
50.4,9.1058,0
50.5,9.1244,0
50.6,9.1435,0
50.7,9.1627,0
50.8,9.1822,0
50.9,9.2013,0
51,9.2202,0
51.1,9.2389,0
51.2,9.2575,0
51.3,9.2757,0
51.4,9.2939,0
51.5,9.3118,0
51.6,9.3292,0
51.7,9.346,0
51.8,9.3619,0
51.9,9.3772,0
52,9.3918,0
52.1,9.4062,0
52.2,9.4204,0
52.3,9.4341,0
52.4,9.4472,0
52.5,9.4595,0
52.6,9.4713,0
52.7,9.4831,0
52.8,9.4947,0
52.9,9.5064,0
53,9.5182,0
53.1,9.5298,0
53.2,9.5412,0
53.3,9.5523,0
53.4,9.5632,0
53.5,9.5741,0
53.6,9.5852,0
53.7,9.5965,0
53.8,9.6079,0
53.9,9.6191,0
54,9.6303,0
54.1,9.6415,0
54.2,9.6528,0
54.3,9.6645,0
54.4,9.6763,0
54.5,9.6882,0
54.6,9.7003,0
54.7,9.7127,0
54.8,9.7255,0
54.9,9.7389,0
55,9.7529,0
55.1,9.7673,0
55.2,9.7822,0
55.3,9.7974,0
55.4,9.8132,0
55.5,9.8295,0
55.6,9.8464,0
55.7,9.8639,0
55.8,9.882,0
55.9,9.9004,0
56,9.9192,0
56.1,9.9381,0
56.2,9.9573,0
56.3,9.9767,0
56.4,9.9963,0
56.5,10.016,0
56.6,10.036,0
56.7,10.055,0
56.8,10.075,0
56.9,10.095,0
57,10.115,0
57.1,10.135,0
57.2,10.155,0
57.3,10.175,0
57.4,10.195,0
57.5,10.215,0
57.6,10.234,0
57.7,10.254,0
57.8,10.275,0
57.9,10.294,0
58,10.314,0
58.1,10.333,0
58.2,10.352,0
58.3,10.372,0
58.4,10.391,0
58.5,10.41,0
58.6,10.428,0
58.7,10.447,0
58.8,10.465,0
58.9,10.482,0
59,10.5,0
59.1,10.517,0
59.2,10.535,0
59.3,10.552,0
59.4,10.569,0
59.5,10.585,0
59.6,10.603,0
59.7,10.621,0
59.8,10.638,0
59.9,10.654,0
60,10.67,0
60.1,10.686,0
60.2,10.705,0
60.3,10.724,0
60.4,10.742,0
60.5,10.758,0
60.6,10.774,0
60.7,10.791,0
60.8,10.809,0
60.9,10.826,0
61,10.84,0
61.1,10.854,0
61.2,10.872,0
61.3,10.891,0
61.4,10.908,0
61.5,10.923,0
61.6,10.935,0
61.7,10.947,0
61.8,10.959,0
61.9,10.973,0
62,10.988,0
62.1,11.004,0
62.2,11.022,0
62.3,11.038,0
62.4,11.051,0
62.5,11.062,0
62.6,11.074,0
62.7,11.088,0
62.8,11.106,0
62.9,11.124,0
63,11.142,0
63.1,11.161,0
63.2,11.179,0
63.3,11.199,0
63.4,11.218,0
63.5,11.235,0
63.6,11.252,0
63.7,11.272,0
63.8,11.295,0
63.9,11.322,0
64,11.348,0
64.1,11.373,0
64.2,11.396,0
64.3,11.419,0
64.4,11.44,0
64.5,11.464,0
64.6,11.49,0
64.7,11.519,0
64.8,11.549,0
64.9,11.577,0
65,11.601,0
65.1,11.622,0
65.2,11.644,0
65.3,11.666,0
65.4,11.691,0
65.5,11.715,0
65.6,11.738,0
65.7,11.759,0
65.8,11.78,0
65.9,11.8,0
66,11.817,0
66.1,11.832,0
66.2,11.847,0
66.3,11.863,0
66.4,11.881,0
66.5,11.898,0
66.6,11.912,0
66.7,11.926,0
66.8,11.939,0
66.9,11.952,0
67,11.966,0
67.1,11.978,0
67.2,11.99,0
67.3,12.004,0
67.4,12.018,0
67.5,12.032,0
67.6,12.046,0
67.7,12.06,0
67.8,12.074,0
67.9,12.088,0
68,12.1,0
68.1,12.112,0
68.2,12.125,0
68.3,12.14,0
68.4,12.157,0
68.5,12.172,0
68.6,12.187,0
68.7,12.2,0
68.8,12.213,0
68.9,12.224,0
69,12.235,0
69.1,12.246,0
69.2,12.258,0
69.3,12.271,0
69.4,12.286,0
69.5,12.3,0
69.6,12.31,0
69.7,12.317,0
69.8,12.322,0
69.9,12.325,0
70,12.33,0
70.1,12.337,0
70.2,12.346,0
70.3,12.355,0
70.4,12.362,0
70.5,12.364,0
70.6,12.362,0
70.7,12.357,0
70.8,12.353,0
70.9,12.353,0
71,12.358,0
71.1,12.363,0
71.2,12.366,0
71.3,12.365,0
71.4,12.361,0
71.5,12.356,0
71.6,12.352,0
71.7,12.35,0
71.8,12.353,0
71.9,12.359,0
72,12.366,0
72.1,12.372,0
72.2,12.373,0
72.3,12.371,0
72.4,12.369,0
72.5,12.369,0
72.6,12.373,0
72.7,12.38,0
72.8,12.389,0
72.9,12.399,0
73,12.407,0
73.1,12.411,0
73.2,12.411,0
73.3,12.41,0
73.4,12.411,0
73.5,12.415,0
73.6,12.424,0
73.7,12.434,0
73.8,12.442,0
73.9,12.444,0
74,12.442,0
74.1,12.436,0
74.2,12.431,0
74.3,12.429,0
74.4,12.433,0
74.5,12.436,0
74.6,12.436,0
74.7,12.433,0
74.8,12.427,0
74.9,12.417,0
75,12.404,0
75.1,12.392,0
75.2,12.385,0
75.3,12.383,0
75.4,12.383,0
75.5,12.381,0
75.6,12.373,0
75.7,12.359,0
75.8,12.343,0
75.9,12.327,0
76,12.316,0
76.1,12.312,0
76.2,12.313,0
76.3,12.314,0
76.4,12.311,0
76.5,12.303,0
76.6,12.29,0
76.7,12.279,0
76.8,12.271,0
76.9,12.269,0
77,12.271,0
77.1,12.274,0
77.2,12.276,0
77.3,12.277,0
77.4,12.275,0
77.5,12.27,0
77.6,12.264,0
77.7,12.261,0
77.8,12.261,0
77.9,12.266,0
78,12.272,0
78.1,12.276,0
78.2,12.277,0
78.3,12.274,0
78.4,12.268,0
78.5,12.263,0
78.6,12.261,0
78.7,12.261,0
78.8,12.264,0
78.9,12.267,0
79,12.266,0
79.1,12.26,0
79.2,12.251,0
79.3,12.241,0
79.4,12.234,0
79.5,12.229,0
79.6,12.224,0
79.7,12.219,0
79.8,12.215,0
79.9,12.211,0
80,12.204,0
80.1,12.195,0
80.2,12.185,0
80.3,12.177,0
80.4,12.174,0
80.5,12.173,0
80.6,12.173,0
80.7,12.173,0
80.8,12.172,0
80.9,12.172,0
81,12.173,0
81.1,12.173,0
81.2,12.175,0
81.3,12.179,0
81.4,12.187,0
81.5,12.195,0
81.6,12.201,0
81.7,12.208,0
81.8,12.215,0
81.9,12.222,0
82,12.228,0
82.1,12.233,0
82.2,12.239,0
82.3,12.247,0
82.4,12.255,0
82.5,12.263,0
82.6,12.269,0
82.7,12.273,0
82.8,12.277,0
82.9,12.28,0
83,12.282,0
83.1,12.283,0
83.2,12.283,0
83.3,12.284,0
83.4,12.286,0
83.5,12.289,0
83.6,12.289,0
83.7,12.288,0
83.8,12.286,0
83.9,12.282,0
84,12.279,0
84.1,12.277,0
84.2,12.276,0
84.3,12.278,0
84.4,12.282,0
84.5,12.285,0
84.6,12.286,0
84.7,12.285,0
84.8,12.284,0
84.9,12.285,0
85,12.291,0
85.1,12.3,0
85.2,12.31,0
85.3,12.32,0
85.4,12.328,0
85.5,12.334,0
85.6,12.34,0
85.7,12.346,0
85.8,12.355,0
85.9,12.367,0
86,12.382,0
86.1,12.398,0
86.2,12.412,0
86.3,12.421,0
86.4,12.427,0
86.5,12.432,0
86.6,12.437,0
86.7,12.445,0
86.8,12.456,0
86.9,12.467,0
87,12.479,0
87.1,12.487,0
87.2,12.491,0
87.3,12.491,0
87.4,12.49,0
87.5,12.491,0
87.6,12.495,0
87.7,12.503,0
87.8,12.51,0
87.9,12.516,0
88,12.518,0
88.1,12.517,0
88.2,12.513,0
88.3,12.509,0
88.4,12.51,0
88.5,12.515,0
88.6,12.523,0
88.7,12.53,0
88.8,12.533,0
88.9,12.532,0
89,12.529,0
89.1,12.527,0
89.2,12.528,0
89.3,12.533,0
89.4,12.541,0
89.5,12.551,0
89.6,12.561,0
89.7,12.567,0
89.8,12.569,0
89.9,12.57,0
90,12.573,0
90.1,12.579,0
90.2,12.589,0
90.3,12.6,0
90.4,12.611,0
90.5,12.619,0
90.6,12.623,0
90.7,12.625,0
90.8,12.626,0
90.9,12.627,0
91,12.632,0
91.1,12.638,0
91.2,12.643,0
91.3,12.647,0
91.4,12.646,0
91.5,12.643,0
91.6,12.638,0
91.7,12.634,0
91.8,12.632,0
91.9,12.631,0
92,12.63,0
92.1,12.627,0
92.2,12.623,0
92.3,12.616,0
92.4,12.609,0
92.5,12.602,0
92.6,12.596,0
92.7,12.591,0
92.8,12.586,0
92.9,12.582,0
93,12.577,0
93.1,12.572,0
93.2,12.565,0
93.3,12.558,0
93.4,12.551,0
93.5,12.545,0
93.6,12.541,0
93.7,12.537,0
93.8,12.534,0
93.9,12.53,0
94,12.527,0
94.1,12.523,0
94.2,12.518,0
94.3,12.513,0
94.4,12.51,0
94.5,12.508,0
94.6,12.506,0
94.7,12.505,0
94.8,12.502,0
94.9,12.498,0
95,12.492,0
95.1,12.486,0
95.2,12.48,0
95.3,12.475,0
95.4,12.469,0
95.5,12.463,0
95.6,12.455,0
95.7,12.445,0
95.8,12.432,0
95.9,12.418,0
96,12.404,0
96.1,12.39,0
96.2,12.376,0
96.3,12.362,0
96.4,12.348,0
96.5,12.333,0
96.6,12.315,0
96.7,12.296,0
96.8,12.276,0
96.9,12.258,0
97,12.242,0
97.1,12.228,0
97.2,12.214,0
97.3,12.199,0
97.4,12.184,0
97.5,12.167,0
97.6,12.149,0
97.7,12.133,0
97.8,12.119,0
97.9,12.107,0
98,12.097,0
98.1,12.087,0
98.2,12.076,0
98.3,12.063,0
98.4,12.049,0
98.5,12.036,0
98.6,12.024,0
98.7,12.016,0
98.8,12.009,0
98.9,12.002,0
99,11.995,0
99.1,11.985,0
99.2,11.973,0
99.3,11.961,0
99.4,11.949,0
99.5,11.939,0
99.6,11.93,0
99.7,11.922,0
99.8,11.913,0
99.9,11.902,0
100,11.89,0
100.1,11.875,0
100.2,11.859,0
100.3,11.844,0
100.4,11.83,0
100.5,11.817,0
100.6,11.804,0
100.7,11.791,0
100.8,11.775,0
100.9,11.759,0
101,11.742,0
101.1,11.725,0
101.2,11.71,0
101.3,11.696,0
101.4,11.684,0
101.5,11.673,0
101.6,11.662,0
101.7,11.65,0
101.8,11.639,0
101.9,11.628,0
102,11.618,0
102.1,11.61,0
102.2,11.604,0
102.3,11.599,0
102.4,11.595,0
102.5,11.591,0
102.6,11.587,0
102.7,11.583,0
102.8,11.579,0
102.9,11.575,0
103,11.572,0
103.1,11.571,0
103.2,11.57,0
103.3,11.57,0
103.4,11.57,0
103.5,11.568,0
103.6,11.565,0
103.7,11.561,0
103.8,11.558,0
103.9,11.555,0
104,11.554,0
104.1,11.552,0
104.2,11.55,0
104.3,11.547,0
104.4,11.542,0
104.5,11.536,0
104.6,11.53,0
104.7,11.524,0
104.8,11.519,0
104.9,11.516,0
105,11.512,0
105.1,11.508,0
105.2,11.502,0
105.3,11.496,0
105.4,11.489,0
105.5,11.483,0
105.6,11.479,0
105.7,11.476,0
105.8,11.474,0
105.9,11.474,0
106,11.473,0
106.1,11.472,0
106.2,11.471,0
106.3,11.47,0
106.4,11.47,0
106.5,11.472,0
106.6,11.475,0
106.7,11.479,0
106.8,11.484,0
106.9,11.488,0
107,11.492,0
107.1,11.496,0
107.2,11.5,0
107.3,11.504,0
107.4,11.508,0
107.5,11.513,0
107.6,11.519,0
107.7,11.524,0
107.8,11.529,0
107.9,11.533,0
108,11.536,0
108.1,11.538,0
108.2,11.54,0
108.3,11.542,0
108.4,11.545,0
108.5,11.548,0
108.6,11.552,0
108.7,11.554,0
108.8,11.554,0
108.9,11.553,0
109,11.552,0
109.1,11.55,0
109.2,11.55,0
109.3,11.549,0
109.4,11.549,0
109.5,11.549,0
109.6,11.548,0
109.7,11.546,0
109.8,11.542,0
109.9,11.539,0
110,11.536,0
110.1,11.534,0
110.2,11.533,0
110.3,11.533,0
110.4,11.533,0
110.5,11.533,0
110.6,11.532,0
110.7,11.531,0
110.8,11.529,0
110.9,11.528,0
111,11.529,0
111.1,11.532,0
111.2,11.534,0
111.3,11.536,0
111.4,11.536,0
111.5,11.534,0
111.6,11.532,0
111.7,11.529,0
111.8,11.527,0
111.9,11.526,0
112,11.525,0
112.1,11.524,0
112.2,11.52,0
112.3,11.514,0
112.4,11.506,0
112.5,11.497,0
112.6,11.489,0
112.7,11.481,0
112.8,11.475,0
112.9,11.469,0
113,11.462,0
113.1,11.453,0
113.2,11.443,0
113.3,11.431,0
113.4,11.419,0
113.5,11.408,0
113.6,11.399,0
113.7,11.391,0
113.8,11.383,0
113.9,11.375,0
114,11.366,0
114.1,11.354,0
114.2,11.342,0
114.3,11.329,0
114.4,11.318,0
114.5,11.309,0
114.6,11.302,0
114.7,11.295,0
114.8,11.286,0
114.9,11.275,0
115,11.262,0
115.1,11.25,0
115.2,11.238,0
115.3,11.228,0
115.4,11.22,0
115.5,11.213,0
115.6,11.205,0
115.7,11.195,0
115.8,11.184,0
115.9,11.172,0
116,11.159,0
116.1,11.147,0
116.2,11.137,0
116.3,11.127,0
116.4,11.118,0
116.5,11.108,0
116.6,11.096,0
116.7,11.083,0
116.8,11.068,0
116.9,11.053,0
117,11.038,0
117.1,11.023,0
117.2,11.011,0
117.3,10.997,0
117.4,10.982,0
117.5,10.966,0
117.6,10.948,0
117.7,10.929,0
117.8,10.909,0
117.9,10.89,0
118,10.874,0
118.1,10.857,0
118.2,10.84,0
118.3,10.822,0
118.4,10.803,0
118.5,10.783,0
118.6,10.762,0
118.7,10.742,0
118.8,10.723,0
118.9,10.705,0
119,10.689,0
119.1,10.672,0
119.2,10.655,0
119.3,10.637,0
119.4,10.619,0
119.5,10.601,0
119.6,10.584,0
119.7,10.568,0
119.8,10.553,0
119.9,10.54,0
120,10.526,0
120.1,10.512,0
120.2,10.497,0
120.3,10.481,0
120.4,10.465,0
120.5,10.45,0
120.6,10.435,0
120.7,10.421,0
120.8,10.406,0
120.9,10.391,0
121,10.375,0
121.1,10.359,0
121.2,10.342,0
121.3,10.324,0
121.4,10.307,0
121.5,10.29,0
121.6,10.273,0
121.7,10.256,0
121.8,10.239,0
121.9,10.222,0
122,10.205,0
122.1,10.188,0
122.2,10.17,0
122.3,10.153,0
122.4,10.137,0
122.5,10.122,0
122.6,10.107,0
122.7,10.092,0
122.8,10.078,0
122.9,10.063,0
123,10.048,0
123.1,10.034,0
123.2,10.019,0
123.3,10.004,0
123.4,9.9904,0
123.5,9.9775,0
123.6,9.9649,0
123.7,9.9518,0
123.8,9.9379,0
123.9,9.9232,0
124,9.9085,0
124.1,9.8943,0
124.2,9.8811,0
124.3,9.869,0
124.4,9.8573,0
124.5,9.8454,0
124.6,9.8325,0
124.7,9.8188,0
124.8,9.8051,0
124.9,9.7924,0
125,9.7807,0
125.1,9.7699,0
125.2,9.7596,0
125.3,9.7491,0
125.4,9.7382,0
125.5,9.7264,0
125.6,9.7142,0
125.7,9.7022,0
125.8,9.6908,0
125.9,9.6802,0
126,9.6702,0
126.1,9.66,0
126.2,9.6491,0
126.3,9.6375,0
126.4,9.6258,0
126.5,9.6142,0
126.6,9.603,0
126.7,9.5928,0
126.8,9.5832,0
126.9,9.5737,0
127,9.5641,0
127.1,9.5542,0
127.2,9.5446,0
127.3,9.5356,0
127.4,9.5273,0
127.5,9.5197,0
127.6,9.513,0
127.7,9.507,0
127.8,9.5014,0
127.9,9.4961,0
128,9.4905,0
128.1,9.4849,0
128.2,9.4802,0
128.3,9.4768,0
128.4,9.4747,0
128.5,9.4732,0
128.6,9.4719,0
128.7,9.4706,0
128.8,9.4695,0
128.9,9.4687,0
129,9.4683,0
129.1,9.4682,0
129.2,9.4686,0
129.3,9.47,0
129.4,9.4724,0
129.5,9.4754,0
129.6,9.4784,0
129.7,9.4811,0
129.8,9.4836,0
129.9,9.4861,0
130,9.4886,0
130.1,9.4915,0
130.2,9.4955,0
130.3,9.5008,0
130.4,9.5074,0
130.5,9.5132,0
130.6,9.5182,0
130.7,9.5228,0
130.8,9.5279,0
130.9,9.534,0
131,9.5412,0
131.1,9.5498,0
131.2,9.5603,0
131.3,9.5706,0
131.4,9.5803,0
131.5,9.5896,0
131.6,9.5988,0
131.7,9.609,0
131.8,9.6206,0
131.9,9.634,0
132,9.6481,0
132.1,9.6629,0
132.2,9.6777,0
132.3,9.6924,0
132.4,9.7069,0
132.5,9.7216,0
132.6,9.7368,0
132.7,9.7529,0
132.8,9.7703,0
132.9,9.7888,0
133,9.8076,0
133.1,9.826,0
133.2,9.8439,0
133.3,9.8613,0
133.4,9.8786,0
133.5,9.8964,0
133.6,9.9151,0
133.7,9.9353,0
133.8,9.9556,0
133.9,9.9756,0
134,9.9948,0
134.1,10.013,0
134.2,10.03,0
134.3,10.048,0
134.4,10.065,0
134.5,10.084,0
134.6,10.103,0
134.7,10.121,0
134.8,10.137,0
134.9,10.152,0
135,10.166,0
135.1,10.179,0
135.2,10.191,0
135.3,10.204,0
135.4,10.217,0
135.5,10.229,0
135.6,10.24,0
135.7,10.25,0
135.8,10.259,0
135.9,10.267,0
136,10.274,0
136.1,10.281,0
136.2,10.288,0
136.3,10.296,0
136.4,10.303,0
136.5,10.31,0
136.6,10.316,0
136.7,10.322,0
136.8,10.327,0
136.9,10.333,0
137,10.339,0
137.1,10.346,0
137.2,10.352,0
137.3,10.357,0
137.4,10.363,0
137.5,10.369,0
137.6,10.375,0
137.7,10.381,0
137.8,10.387,0
137.9,10.393,0
138,10.399,0
138.1,10.404,0
138.2,10.409,0
138.3,10.415,0
138.4,10.421,0
138.5,10.428,0
138.6,10.433,0
138.7,10.437,0
138.8,10.44,0
138.9,10.442,0
139,10.445,0
139.1,10.447,0
139.2,10.45,0
139.3,10.451,0
139.4,10.452,0
139.5,10.451,0
139.6,10.448,0
139.7,10.444,0
139.8,10.439,0
139.9,10.435,0
140,10.43,0
140.1,10.425,0
140.2,10.419,0
140.3,10.41,0
140.4,10.4,0
140.5,10.389,0
140.6,10.378,0
140.7,10.366,0
140.8,10.355,0
140.9,10.344,0
141,10.332,0
141.1,10.318,0
141.2,10.303,0
141.3,10.288,0
141.4,10.272,0
141.5,10.256,0
141.6,10.241,0
141.7,10.227,0
141.8,10.213,0
141.9,10.198,0
142,10.182,0
142.1,10.165,0
142.2,10.147,0
142.3,10.13,0
142.4,10.114,0
142.5,10.099,0
142.6,10.085,0
142.7,10.07,0
142.8,10.055,0
142.9,10.039,0
143,10.023,0
143.1,10.006,0
143.2,9.9904,0
143.3,9.9758,0
143.4,9.9623,0
143.5,9.9497,0
143.6,9.9375,0
143.7,9.924,0
143.8,9.91,0
143.9,9.8959,0
144,9.8813,0
144.1,9.8672,0
144.2,9.854,0
144.3,9.8416,0
144.4,9.8305,0
144.5,9.8187,0
144.6,9.8051,0
144.7,9.7896,0
144.8,9.7732,0
144.9,9.7568,0
145,9.7409,0
145.1,9.7259,0
145.2,9.7117,0
145.3,9.697,0
145.4,9.6808,0
145.5,9.6619,0
145.6,9.6412,0
145.7,9.6199,0
145.8,9.5989,0
145.9,9.5793,0
146,9.5601,0
146.1,9.5409,0
146.2,9.5202,0
146.3,9.4977,0
146.4,9.4737,0
146.5,9.4487,0
146.6,9.4236,0
146.7,9.3994,0
146.8,9.3764,0
146.9,9.3545,0
147,9.3312,0
147.1,9.3065,0
147.2,9.2804,0
147.3,9.2534,0
147.4,9.2262,0
147.5,9.1992,0
147.6,9.1727,0
147.7,9.1476,0
147.8,9.1222,0
147.9,9.0961,0
148,9.0688,0
148.1,9.0399,0
148.2,9.0099,0
148.3,8.9799,0
148.4,8.9505,0
148.5,8.9222,0
148.6,8.8951,0
148.7,8.8682,0
148.8,8.8412,0
148.9,8.8132,0
149,8.7839,0
149.1,8.754,0
149.2,8.7248,0
149.3,8.6969,0
149.4,8.6705,0
149.5,8.6459,0
149.6,8.6215,0
149.7,8.5965,0
149.8,8.571,0
149.9,8.5456,0
150,8.5208,0
150.1,8.4976,0
150.2,8.4756,0
150.3,8.4545,0
150.4,8.4345,0
150.5,8.4149,0
150.6,8.3957,0
150.7,8.377,0
150.8,8.3589,0
150.9,8.3414,0
151,8.3258,0
151.1,8.3115,0
151.2,8.298,0
151.3,8.285,0
151.4,8.2726,0
151.5,8.2605,0
151.6,8.2492,0
151.7,8.2386,0
151.8,8.2288,0
151.9,8.2202,0
152,8.2126,0
152.1,8.2057,0
152.2,8.199,0
152.3,8.1926,0
152.4,8.1869,0
152.5,8.1819,0
152.6,8.1773,0
152.7,8.173,0
152.8,8.1685,0
152.9,8.1636,0
153,8.1591,0
153.1,8.155,0
153.2,8.1506,0
153.3,8.1459,0
153.4,8.1412,0
153.5,8.1356,0
153.6,8.129,0
153.7,8.1216,0
153.8,8.1134,0
153.9,8.1049,0
154,8.0962,0
154.1,8.0871,0
154.2,8.0771,0
154.3,8.0666,0
154.4,8.0541,0
154.5,8.041,0
154.6,8.0274,0
154.7,8.0131,0
154.8,7.9984,0
154.9,7.9838,0
155,7.9687,0
155.1,7.9532,0
155.2,7.9365,0
155.3,7.9191,0
155.4,7.9015,0
155.5,7.8839,0
155.6,7.8663,0
155.7,7.8489,0
155.8,7.832,0
155.9,7.8151,0
156,7.7983,0
156.1,7.7813,0
156.2,7.7643,0
156.3,7.747,0
156.4,7.73,0
156.5,7.7135,0
156.6,7.6979,0
156.7,7.6832,0
156.8,7.6694,0
156.9,7.6557,0
157,7.6421,0
157.1,7.6286,0
157.2,7.6152,0
157.3,7.6027,0
157.4,7.5912,0
157.5,7.5804,0
157.6,7.5711,0
157.7,7.5623,0
157.8,7.5541,0
157.9,7.5463,0
158,7.5386,0
158.1,7.531,0
158.2,7.5239,0
158.3,7.5171,0
158.4,7.5113,0
158.5,7.5064,0
158.6,7.5021,0
158.7,7.498,0
158.8,7.4933,0
158.9,7.4875,0
159,7.4805,0
159.1,7.473,0
159.2,7.4662,0
159.3,7.4601,0
159.4,7.4542,0
159.5,7.4476,0
159.6,7.4398,0
159.7,7.4303,0
159.8,7.4193,0
159.9,7.4071,0
160,7.3951,0
160.1,7.384,0
160.2,7.3737,0
160.3,7.363,0
160.4,7.3511,0
160.5,7.3373,0
160.6,7.3223,0
160.7,7.3075,0
160.8,7.2933,0
160.9,7.2804,0
161,7.2679,0
161.1,7.2559,0
161.2,7.2436,0
161.3,7.2307,0
161.4,7.2171,0
161.5,7.203,0
161.6,7.1893,0
161.7,7.1764,0
161.8,7.1643,0
161.9,7.1529,0
162,7.1418,0
162.1,7.1305,0
162.2,7.1186,0
162.3,7.1059,0
162.4,7.0927,0
162.5,7.0796,0
162.6,7.0675,0
162.7,7.0565,0
162.8,7.0468,0
162.9,7.0376,0
163,7.0283,0
163.1,7.0182,0
163.2,7.0074,0
163.3,6.9969,0
163.4,6.9871,0
163.5,6.9795,0
163.6,6.9732,0
163.7,6.9672,0
163.8,6.9604,0
163.9,6.9531,0
164,6.9456,0
164.1,6.938,0
164.2,6.9312,0
164.3,6.925,0
164.4,6.919,0
164.5,6.9126,0
164.6,6.9056,0
164.7,6.8975,0
164.8,6.8887,0
164.9,6.8796,0
165,6.8704,0
165.1,6.8611,0
165.2,6.8515,0
165.3,6.841,0
165.4,6.8295,0
165.5,6.8173,0
165.6,6.8044,0
165.7,6.791,0
165.8,6.7773,0
165.9,6.7637,0
166,6.7499,0
166.1,6.7357,0
166.2,6.7207,0
166.3,6.705,0
166.4,6.6888,0
166.5,6.6728,0
166.6,6.6568,0
166.7,6.6411,0
166.8,6.6251,0
166.9,6.6091,0
167,6.593,0
167.1,6.5766,0
167.2,6.5597,0
167.3,6.5425,0
167.4,6.5257,0
167.5,6.5092,0
167.6,6.4927,0
167.7,6.4765,0
167.8,6.4603,0
167.9,6.4438,0
168,6.4269,0
168.1,6.4098,0
168.2,6.3923,0
168.3,6.375,0
168.4,6.3583,0
168.5,6.3417,0
168.6,6.3252,0
168.7,6.3088,0
168.8,6.2925,0
168.9,6.276,0
169,6.2592,0
169.1,6.2425,0
169.2,6.2256,0
169.3,6.2092,0
169.4,6.1939,0
169.5,6.1789,0
169.6,6.1641,0
169.7,6.1493,0
169.8,6.1341,0
169.9,6.1191,0
170,6.1044,0
170.1,6.0904,0
170.2,6.0772,0
170.3,6.0647,0
170.4,6.0526,0
170.5,6.0402,0
170.6,6.0274,0
170.7,6.0144,0
170.8,6.0022,0
170.9,5.9905,0
171,5.9795,0
171.1,5.9691,0
171.2,5.9588,0
171.3,5.9485,0
171.4,5.9381,0
171.5,5.9268,0
171.6,5.9153,0
171.7,5.9045,0
171.8,5.8945,0
171.9,5.8857,0
172,5.8774,0
172.1,5.869,0
172.2,5.8602,0
172.3,5.8507,0
172.4,5.8406,0
172.5,5.8302,0
172.6,5.8205,0
172.7,5.8121,0
172.8,5.8047,0
172.9,5.7975,0
173,5.7897,0
173.1,5.7804,0
173.2,5.7701,0
173.3,5.7594,0
173.4,5.7487,0
173.5,5.7388,0
173.6,5.7296,0
173.7,5.7209,0
173.8,5.712,0
173.9,5.7017,0
174,5.69,0
174.1,5.6774,0
174.2,5.6651,0
174.3,5.6532,0
174.4,5.6421,0
174.5,5.6312,0
174.6,5.6203,0
174.7,5.6091,0
174.8,5.5974,0
174.9,5.5846,0
175,5.5714,0
175.1,5.5586,0
175.2,5.5462,0
175.3,5.5344,0
175.4,5.5229,0
175.5,5.5112,0
175.6,5.4991,0
175.7,5.4862,0
175.8,5.4723,0
175.9,5.4577,0
176,5.4428,0
176.1,5.4282,0
176.2,5.4141,0
176.3,5.4001,0
176.4,5.3856,0
176.5,5.3702,0
176.6,5.354,0
176.7,5.3363,0
176.8,5.3185,0
176.9,5.3011,0
177,5.2847,0
177.1,5.2691,0
177.2,5.2535,0
177.3,5.2379,0
177.4,5.2214,0
177.5,5.2049,0
177.6,5.1889,0
177.7,5.1738,0
177.8,5.1596,0
177.9,5.1464,0
178,5.1345,0
178.1,5.1231,0
178.2,5.112,0
178.3,5.1012,0
178.4,5.0904,0
178.5,5.0801,0
178.6,5.0706,0
178.7,5.0621,0
178.8,5.0546,0
178.9,5.048,0
179,5.042,0
179.1,5.0362,0
179.2,5.0303,0
179.3,5.0241,0
179.4,5.0177,0
179.5,5.0118,0
179.6,5.0064,0
179.7,5.0017,0
179.8,4.9974,0
179.9,4.9939,0
180,4.9897,0
180.1,4.985,0
180.2,4.98,0
180.3,4.9749,0
180.4,4.9699,0
180.5,4.9651,0
180.6,4.9607,0
180.7,4.9565,0
180.8,4.952,0
180.9,4.9472,0
181,4.9419,0
181.1,4.9361,0
181.2,4.9298,0
181.3,4.923,0
181.4,4.9164,0
181.5,4.91,0
181.6,4.9035,0
181.7,4.8965,0
181.8,4.8892,0
181.9,4.8811,0
182,4.8726,0
182.1,4.8636,0
182.2,4.8542,0
182.3,4.8445,0
182.4,4.8351,0
182.5,4.8256,0
182.6,4.8157,0
182.7,4.8054,0
182.8,4.7949,0
182.9,4.7838,0
183,4.7725,0
183.1,4.761,0
183.2,4.7495,0
183.3,4.7379,0
183.4,4.7267,0
183.5,4.7155,0
183.6,4.7042,0
183.7,4.6929,0
183.8,4.6811,0
183.9,4.6692,0
184,4.6571,0
184.1,4.6453,0
184.2,4.634,0
184.3,4.6232,0
184.4,4.6124,0
184.5,4.6015,0
184.6,4.5904,0
184.7,4.5786,0
184.8,4.5668,0
184.9,4.5551,0
185,4.5438,0
185.1,4.5329,0
185.2,4.5222,0
185.3,4.5116,0
185.4,4.5008,0
185.5,4.4894,0
185.6,4.4775,0
185.7,4.4654,0
185.8,4.4536,0
185.9,4.4423,0
186,4.4314,0
186.1,4.4209,0
186.2,4.4104,0
186.3,4.3999,0
186.4,4.3891,0
186.5,4.3781,0
186.6,4.367,0
186.7,4.3563,0
186.8,4.3463,0
186.9,4.337,0
187,4.3285,0
187.1,4.32,0
187.2,4.3116,0
187.3,4.303,0
187.4,4.2942,0
187.5,4.2857,0
187.6,4.2777,0
187.7,4.2706,0
187.8,4.2644,0
187.9,4.2589,0
188,4.2538,0
188.1,4.2486,0
188.2,4.2431,0
188.3,4.2372,0
188.4,4.2316,0
188.5,4.2268,0
188.6,4.223,0
188.7,4.2199,0
188.8,4.2177,0
188.9,4.2154,0
189,4.2127,0
189.1,4.2093,0
189.2,4.2054,0
189.3,4.2016,0
189.4,4.1982,0
189.5,4.1955,0
189.6,4.1935,0
189.7,4.1913,0
189.8,4.1885,0
189.9,4.1848,0
190,4.1798,0
190.1,4.1741,0
190.2,4.168,0
190.3,4.1622,0
190.4,4.1566,0
190.5,4.1513,0
190.6,4.1457,0
190.7,4.1384,0
190.8,4.1297,0
190.9,4.1199,0
191,4.1097,0
191.1,4.0999,0
191.2,4.0905,0
191.3,4.0815,0
191.4,4.072,0
191.5,4.0618,0
191.6,4.0505,0
191.7,4.0386,0
191.8,4.0263,0
191.9,4.0143,0
192,4.0031,0
192.1,3.9929,0
192.2,3.9829,0
192.3,3.9717,0
192.4,3.9585,0
192.5,3.9462,0
192.6,3.9355,0
192.7,3.926,0
192.8,3.9171,0
192.9,3.9065,0
193,3.8942,0
193.1,3.8826,0
193.2,3.8722,0
193.3,3.8621,0
193.4,3.8539,0
193.5,3.8447,0
193.6,3.8347,0
193.7,3.8252,0
193.8,3.8143,0
193.9,3.804,0
194,3.7942,0
194.1,3.7844,0
194.2,3.7762,0
194.3,3.7693,0
194.4,3.762,0
194.5,3.7544,0
194.6,3.7463,0
194.7,3.737,0
194.8,3.7287,0
194.9,3.7222,0
195,3.7162,0
195.1,3.7108,0
195.2,3.7069,0
195.3,3.7035,0
195.4,3.6991,0
195.5,3.6932,0
195.6,3.6861,0
195.7,3.6801,0
195.8,3.6774,0
195.9,3.6765,0
196,3.6751,0
196.1,3.6722,0
196.2,3.6675,0
196.3,3.6619,0
196.4,3.6566,0
196.5,3.6515,0
196.6,3.6477,0
196.7,3.6465,0
196.8,3.6455,0
196.9,3.6426,0
197,3.6371,0
197.1,3.6301,0
197.2,3.6244,0
197.3,3.6206,0
197.4,3.6177,0
197.5,3.6153,0
197.6,3.6133,0
197.7,3.6113,0
197.8,3.6086,0
197.9,3.6046,0
198,3.5993,0
198.1,3.5941,0
198.2,3.5911,0
198.3,3.5903,0
198.4,3.5896,0
198.5,3.5878,0
198.6,3.5847,0
198.7,3.5809,0
198.8,3.5767,0
198.9,3.5716,0
199,3.5664,0
199.1,3.5624,0
199.2,3.56,0
199.3,3.5574,0
199.4,3.5534,0
199.5,3.5475,0
199.6,3.54,0
199.7,3.5324,0
199.8,3.5266,0
199.9,3.521,0
200,3.5159,0
200.1,3.5113,0
200.2,3.506,0
200.3,3.4989,0
200.4,3.4899,0
200.5,3.4811,0
200.6,3.4739,0
200.7,3.4679,0
200.8,3.4622,0
200.9,3.4561,0
201,3.4496,0
201.1,3.4424,0
201.2,3.4344,0
201.3,3.4259,0
201.4,3.4177,0
201.5,3.4105,0
201.6,3.4046,0
201.7,3.3995,0
201.8,3.3939,0
201.9,3.3871,0
202,3.38,0
202.1,3.3735,0
202.2,3.3673,0
202.3,3.361,0
202.4,3.3556,0
202.5,3.3514,0
202.6,3.3477,0
202.7,3.3435,0
202.8,3.3388,0
202.9,3.3337,0
203,3.3289,0
203.1,3.3254,0
203.2,3.3222,0
203.3,3.319,0
203.4,3.3159,0
203.5,3.313,0
203.6,3.3101,0
203.7,3.3069,0
203.8,3.3037,0
203.9,3.3014,0
204,3.3001,0
204.1,3.2988,0
204.2,3.2976,0
204.3,3.2964,0
204.4,3.295,0
204.5,3.2941,0
204.6,3.2941,0
204.7,3.2943,0
204.8,3.2943,0
204.9,3.2945,0
205,3.2949,0
205.1,3.2955,0
205.2,3.296,0
205.3,3.2963,0
205.4,3.2964,0
205.5,3.2967,0
205.6,3.2967,0
205.7,3.2957,0
205.8,3.2944,0
205.9,3.2932,0
206,3.2919,0
206.1,3.2907,0
206.2,3.2896,0
206.3,3.287,0
206.4,3.2821,0
206.5,3.2772,0
206.6,3.2735,0
206.7,3.2712,0
206.8,3.2707,0
206.9,3.2697,0
207,3.2659,0
207.1,3.2611,0
207.2,3.2562,0
207.3,3.252,0
207.4,3.2509,0
207.5,3.2504,0
207.6,3.2496,0
207.7,3.2494,0
207.8,3.2478,0
207.9,3.2448,0
208,3.2416,0
208.1,3.2381,0
208.2,3.2359,0
208.3,3.2357,0
208.4,3.236,0
208.5,3.2363,0
208.6,3.2354,0
208.7,3.2318,0
208.8,3.2272,0
208.9,3.2236,0
209,3.2199,0
209.1,3.2165,0
209.2,3.215,0
209.3,3.2148,0
209.4,3.2141,0
209.5,3.2112,0
209.6,3.2048,0
209.7,3.1974,0
209.8,3.1925,0
209.9,3.1904,0
210,3.1899,0
210.1,3.1893,0
210.2,3.187,0
210.3,3.1832,0
210.4,3.1787,0
210.5,3.1728,0
210.6,3.1671,0
210.7,3.1653,0
210.8,3.1659,0
210.9,3.1666,0
211,3.1655,0
211.1,3.1619,0
211.2,3.1578,0
211.3,3.1549,0
211.4,3.1525,0
211.5,3.1511,0
211.6,3.1514,0
211.7,3.1529,0
211.8,3.1552,0
211.9,3.1567,0
212,3.156,0
212.1,3.1539,0
212.2,3.1529,0
212.3,3.1545,0
212.4,3.1576,0
212.5,3.1611,0
212.6,3.1643,0
212.7,3.1673,0
212.8,3.17,0
212.9,3.1714,0
213,3.1717,0
213.1,3.1729,0
213.2,3.1765,0
213.3,3.181,0
213.4,3.1857,0
213.5,3.189,0
213.6,3.1905,0
213.7,3.1908,0
213.8,3.1921,0
213.9,3.1934,0
214,3.1955,0
214.1,3.1987,0
214.2,3.2021,0
214.3,3.2041,0
214.4,3.2036,0
214.5,3.2015,0
214.6,3.1996,0
214.7,3.1987,0
214.8,3.198,0
214.9,3.1968,0
215,3.1949,0
215.1,3.1921,0
215.2,3.188,0
215.3,3.1829,0
215.4,3.1768,0
215.5,3.1705,0
215.6,3.1647,0
215.7,3.16,0
215.8,3.1555,0
215.9,3.1498,0
216,3.1435,0
216.1,3.1378,0
216.2,3.1324,0
216.3,3.1265,0
216.4,3.1212,0
216.5,3.1173,0
216.6,3.1145,0
216.7,3.1122,0
216.8,3.1097,0
216.9,3.1068,0
217,3.104,0
217.1,3.1023,0
217.2,3.1012,0
217.3,3.1004,0
217.4,3.0998,0
217.5,3.0993,0
217.6,3.0989,0
217.7,3.0982,0
217.8,3.0969,0
217.9,3.096,0
218,3.0956,0
218.1,3.0954,0
218.2,3.0952,0
218.3,3.0949,0
218.4,3.094,0
218.5,3.0932,0
218.6,3.0928,0
218.7,3.0927,0
218.8,3.0923,0
218.9,3.092,0
219,3.0918,0
219.1,3.0917,0
219.2,3.0918,0
219.3,3.0915,0
219.4,3.0913,0
219.5,3.0919,0
219.6,3.0921,0
219.7,3.0916,0
219.8,3.0909,0
219.9,3.0902,0
220,3.0895,0
220.1,3.089,0
220.2,3.0885,0
220.3,3.0876,0
220.4,3.0867,0
220.5,3.0857,0
220.6,3.0843,0
220.7,3.0824,0
220.8,3.0806,0
220.9,3.08,0
221,3.08,0
221.1,3.08,0
221.2,3.0797,0
221.3,3.0793,0
221.4,3.0791,0
221.5,3.0792,0
221.6,3.0793,0
221.7,3.0799,0
221.8,3.0811,0
221.9,3.0823,0
222,3.0833,0
222.1,3.0844,0
222.2,3.0851,0
222.3,3.0853,0
222.4,3.0856,0
222.5,3.086,0
222.6,3.0865,0
222.7,3.0867,0
222.8,3.0863,0
222.9,3.0855,0
223,3.0844,0
223.1,3.0828,0
223.2,3.0812,0
223.3,3.0795,0
223.4,3.0777,0
223.5,3.0755,0
223.6,3.0726,0
223.7,3.0694,0
223.8,3.0659,0
223.9,3.0621,0
224,3.0586,0
224.1,3.0549,0
224.2,3.0508,0
224.3,3.0465,0
224.4,3.0423,0
224.5,3.0377,0
224.6,3.0328,0
224.7,3.0281,0
224.8,3.0239,0
224.9,3.0201,0
225,3.0168,0
225.1,3.0136,0
225.2,3.0103,0
225.3,3.0074,0
225.4,3.0048,0
225.5,3.0028,0
225.6,3.0017,0
225.7,3.0013,0
225.8,3.0017,0
225.9,3.0027,0
226,3.0037,0
226.1,3.0046,0
226.2,3.0058,0
226.3,3.0077,0
226.4,3.0101,0
226.5,3.0129,0
226.6,3.016,0
226.7,3.019,0
226.8,3.0217,0
226.9,3.0241,0
227,3.0261,0
227.1,3.0284,0
227.2,3.0306,0
227.3,3.0327,0
227.4,3.0349,0
227.5,3.0368,0
227.6,3.0382,0
227.7,3.039,0
227.8,3.0394,0
227.9,3.0397,0
228,3.0402,0
228.1,3.041,0
228.2,3.0418,0
228.3,3.0425,0
228.4,3.0427,0
228.5,3.0426,0
228.6,3.0421,0
228.7,3.0416,0
228.8,3.041,0
228.9,3.0407,0
229,3.04,0
229.1,3.0391,0
229.2,3.038,0
229.3,3.0365,0
229.4,3.0347,0
229.5,3.0328,0
229.6,3.0307,0
229.7,3.0286,0
229.8,3.0265,0
229.9,3.0243,0
230,3.0218,0
230.1,3.0197,0
230.2,3.0179,0
230.3,3.0163,0
230.4,3.0145,0
230.5,3.013,0
230.6,3.0121,0
230.7,3.0113,0
230.8,3.0107,0
230.9,3.0102,0
231,3.0101,0
231.1,3.0102,0
231.2,3.0107,0
231.3,3.0113,0
231.4,3.0117,0
231.5,3.0117,0
231.6,3.0118,0
231.7,3.0117,0
231.8,3.0115,0
231.9,3.011,0
232,3.0104,0
232.1,3.0094,0
232.2,3.0081,0
232.3,3.0064,0
232.4,3.0042,0
232.5,3.0016,0
232.6,2.9988,0
232.7,2.996,0
232.8,2.9932,0
232.9,2.99,0
233,2.9866,0
233.1,2.9832,0
233.2,2.9799,0
233.3,2.9767,0
233.4,2.9733,0
233.5,2.9705,0
233.6,2.9677,0
233.7,2.9653,0
233.8,2.9632,0
233.9,2.9612,0
234,2.9594,0
234.1,2.9581,0
234.2,2.9576,0
234.3,2.9576,0
234.4,2.9582,0
234.5,2.959,0
234.6,2.9602,0
234.7,2.9618,0
234.8,2.9633,0
234.9,2.9653,0
235,2.968,0
235.1,2.9712,0
235.2,2.9749,0
235.3,2.9787,0
235.4,2.9825,0
235.5,2.9859,0
235.6,2.9891,0
235.7,2.9925,0
235.8,2.996,0
235.9,2.9993,0
236,3.0026,0
236.1,3.0056,0
236.2,3.0081,0
236.3,3.0099,0
236.4,3.0114,0
236.5,3.0125,0
236.6,3.0136,0
236.7,3.0146,0
236.8,3.0151,0
236.9,3.0149,0
237,3.0144,0
237.1,3.0139,0
237.2,3.0133,0
237.3,3.0129,0
237.4,3.0122,0
237.5,3.0114,0
237.6,3.0104,0
237.7,3.0093,0
237.8,3.008,0
237.9,3.0067,0
238,3.0054,0
238.1,3.0044,0
238.2,3.0035,0
238.3,3.0025,0
238.4,3.0013,0
238.5,2.9997,0
238.6,2.9979,0
238.7,2.996,0
238.8,2.9943,0
238.9,2.9929,0
239,2.9918,0
239.1,2.9907,0
239.2,2.9892,0
239.3,2.9877,0
239.4,2.9861,0
239.5,2.9849,0
239.6,2.9844,0
239.7,2.9843,0
239.8,2.9845,0
239.9,2.9851,0
240,2.9859,0
240.1,2.9865,0
240.2,2.9872,0
240.3,2.9883,0
240.4,2.99,0
240.5,2.9922,0
240.6,2.9943,0
240.7,2.9965,0
240.8,2.9983,0
240.9,3,0
241,3.0012,0
241.1,3.0024,0
241.2,3.0036,0
241.3,3.0048,0
241.4,3.006,0
241.5,3.007,0
241.6,3.0074,0
241.7,3.007,0
241.8,3.0062,0
241.9,3.0053,0
242,3.0044,0
242.1,3.0041,0
242.2,3.0039,0
242.3,3.0036,0
242.4,3.0027,0
242.5,3.0014,0
242.6,3.0002,0
242.7,2.9999,0
242.8,3.0001,0
242.9,3.0007,0
243,3.0014,0
243.1,3.0022,0
243.2,3.0032,0
243.3,3.0042,0
243.4,3.0052,0
243.5,3.0068,0
243.6,3.009,0
243.7,3.0117,0
243.8,3.0147,0
243.9,3.0179,0
244,3.0205,0
244.1,3.0233,0
244.2,3.0261,0
244.3,3.0291,0
244.4,3.032,0
244.5,3.0351,0
244.6,3.0384,0
244.7,3.0417,0
244.8,3.0445,0
244.9,3.0465,0
245,3.0479,0
245.1,3.049,0
245.2,3.0502,0
245.3,3.0514,0
245.4,3.0524,0
245.5,3.0528,0
245.6,3.0524,0
245.7,3.0514,0
245.8,3.0498,0
245.9,3.0479,0
246,3.0458,0
246.1,3.0437,0
246.2,3.0418,0
246.3,3.0394,0
246.4,3.0361,0
246.5,3.0325,0
246.6,3.0288,0
246.7,3.0253,0
246.8,3.0224,0
246.9,3.0196,0
247,3.0165,0
247.1,3.0132,0
247.2,3.0098,0
247.3,3.0065,0
247.4,3.0033,0
247.5,3.0005,0
247.6,2.9978,0
247.7,2.9955,0
247.8,2.9936,0
247.9,2.9916,0
248,2.9894,0
248.1,2.9874,0
248.2,2.9857,0
248.3,2.9844,0
248.4,2.9835,0
248.5,2.9829,0
248.6,2.9828,0
248.7,2.9833,0
248.8,2.9837,0
248.9,2.984,0
249,2.9845,0
249.1,2.9854,0
249.2,2.9871,0
249.3,2.9896,0
249.4,2.9924,0
249.5,2.9953,0
249.6,2.998,0
249.7,3.0005,0
249.8,3.0032,0
249.9,3.0056,0
250,3.0082,0
250.1,3.011,0
250.2,3.0138,0
250.3,3.0162,0
250.4,3.0183,0
250.5,3.0198,0
250.6,3.0207,0
250.7,3.0214,0
250.8,3.0217,0
250.9,3.0216,0
251,3.0212,0
251.1,3.0208,0
251.2,3.0205,0
251.3,3.0203,0
251.4,3.0198,0
251.5,3.0191,0
251.6,3.0182,0
251.7,3.0173,0
251.8,3.0163,0
251.9,3.0157,0
252,3.0156,0
252.1,3.0164,0
252.2,3.0174,0
252.3,3.0186,0
252.4,3.0196,0
252.5,3.0201,0
252.6,3.0208,0
252.7,3.0218,0
252.8,3.0236,0
252.9,3.026,0
253,3.0282,0
253.1,3.0301,0
253.2,3.0312,0
253.3,3.0322,0
253.4,3.0331,0
253.5,3.0342,0
253.6,3.0353,0
253.7,3.0365,0
253.8,3.0374,0
253.9,3.0379,0
254,3.0379,0
254.1,3.0377,0
254.2,3.0374,0
254.3,3.037,0
254.4,3.0367,0
254.5,3.0362,0
254.6,3.0352,0
254.7,3.0342,0
254.8,3.0329,0
254.9,3.0319,0
255,3.0305,0
255.1,3.0286,0
255.2,3.0267,0
255.3,3.0252,0
255.4,3.0238,0
255.5,3.0224,0
255.6,3.0209,0
255.7,3.0192,0
255.8,3.0177,0
255.9,3.0162,0
256,3.015,0
256.1,3.0144,0
256.2,3.0141,0
256.3,3.0144,0
256.4,3.0147,0
256.5,3.0149,0
256.6,3.0151,0
256.7,3.0161,0
256.8,3.0179,0
256.9,3.02,0
257,3.0223,0
257.1,3.0247,0
257.2,3.0273,0
257.3,3.03,0
257.4,3.0324,0
257.5,3.0352,0
257.6,3.0382,0
257.7,3.0416,0
257.8,3.0449,0
257.9,3.0482,0
258,3.051,0
258.1,3.0536,0
258.2,3.0564,0
258.3,3.0593,0
258.4,3.0622,0
258.5,3.0649,0
258.6,3.0675,0
258.7,3.0703,0
258.8,3.073,0
258.9,3.0754,0
259,3.0776,0
259.1,3.0795,0
259.2,3.0812,0
259.3,3.0831,0
259.4,3.0852,0
259.5,3.0875,0
259.6,3.0894,0
259.7,3.0911,0
259.8,3.0922,0
259.9,3.0928,0
260,3.0933,0
260.1,3.094,0
260.2,3.0951,0
260.3,3.0963,0
260.4,3.0969,0
260.5,3.0975,0
260.6,3.0978,0
260.7,3.0979,0
260.8,3.0983,0
260.9,3.099,0
261,3.0996,0
261.1,3.1002,0
261.2,3.1012,0
261.3,3.1022,0
261.4,3.1034,0
261.5,3.1047,0
261.6,3.1058,0
261.7,3.1069,0
261.8,3.1079,0
261.9,3.109,0
262,3.1104,0
262.1,3.1124,0
262.2,3.1145,0
262.3,3.1165,0
262.4,3.1179,0
262.5,3.1188,0
262.6,3.12,0
262.7,3.1217,0
262.8,3.1235,0
262.9,3.1254,0
263,3.1271,0
263.1,3.1284,0
263.2,3.1296,0
263.3,3.1307,0
263.4,3.1319,0
263.5,3.1331,0
263.6,3.1345,0
263.7,3.1358,0
263.8,3.1371,0
263.9,3.1382,0
264,3.139,0
264.1,3.1396,0
264.2,3.14,0
264.3,3.1405,0
264.4,3.1412,0
264.5,3.1422,0
264.6,3.1433,0
264.7,3.1446,0
264.8,3.1455,0
264.9,3.1459,0
265,3.1461,0
265.1,3.1466,0
265.2,3.1476,0
265.3,3.1493,0
265.4,3.1518,0
265.5,3.1545,0
265.6,3.1571,0
265.7,3.1594,0
265.8,3.1613,0
265.9,3.1632,0
266,3.1658,0
266.1,3.1696,0
266.2,3.1736,0
266.3,3.1776,0
266.4,3.1811,0
266.5,3.1837,0
266.6,3.186,0
266.7,3.1876,0
266.8,3.1893,0
266.9,3.1913,0
267,3.1932,0
267.1,3.1947,0
267.2,3.1953,0
267.3,3.1952,0
267.4,3.1942,0
267.5,3.1927,0
267.6,3.191,0
267.7,3.1894,0
267.8,3.188,0
267.9,3.1866,0
268,3.185,0
268.1,3.1833,0
268.2,3.1815,0
268.3,3.1794,0
268.4,3.1775,0
268.5,3.1758,0
268.6,3.1744,0
268.7,3.1736,0
268.8,3.1732,0
268.9,3.1733,0
269,3.1736,0
269.1,3.1734,0
269.2,3.1731,0
269.3,3.1728,0
269.4,3.1728,0
269.5,3.1729,0
269.6,3.1731,0
269.7,3.1735,0
269.8,3.1742,0
269.9,3.1746,0
270,3.1743,0
270.1,3.1737,0
270.2,3.1725,0
270.3,3.1714,0
270.4,3.1705,0
270.5,3.17,0
270.6,3.1698,0
270.7,3.1696,0
270.8,3.1692,0
270.9,3.1687,0
271,3.1678,0
271.1,3.1668,0
271.2,3.1661,0
271.3,3.1658,0
271.4,3.166,0
271.5,3.1666,0
271.6,3.1671,0
271.7,3.1677,0
271.8,3.168,0
271.9,3.1679,0
272,3.1679,0
272.1,3.1679,0
272.2,3.1682,0
272.3,3.169,0
272.4,3.1699,0
272.5,3.1707,0
272.6,3.1708,0
272.7,3.1707,0
272.8,3.1705,0
272.9,3.1705,0
273,3.1708,0
273.1,3.1715,0
273.2,3.1721,0
273.3,3.1725,0
273.4,3.1726,0
273.5,3.1726,0
273.6,3.1726,0
273.7,3.1727,0
273.8,3.1731,0
273.9,3.1737,0
274,3.1745,0
274.1,3.175,0
274.2,3.1755,0
274.3,3.1757,0
274.4,3.1756,0
274.5,3.1758,0
274.6,3.1761,0
274.7,3.1768,0
274.8,3.1779,0
274.9,3.1793,0
275,3.18,0
275.1,3.18,0
275.2,3.1802,0
275.3,3.1804,0
275.4,3.1809,0
275.5,3.182,0
275.6,3.1835,0
275.7,3.1848,0
275.8,3.1854,0
275.9,3.1852,0
276,3.1845,0
276.1,3.1841,0
276.2,3.1845,0
276.3,3.1853,0
276.4,3.186,0
276.5,3.1858,0
276.6,3.1851,0
276.7,3.1843,0
276.8,3.1836,0
276.9,3.1829,0
277,3.1826,0
277.1,3.1827,0
277.2,3.183,0
277.3,3.1833,0
277.4,3.1833,0
277.5,3.183,0
277.6,3.1828,0
277.7,3.1831,0
277.8,3.1841,0
277.9,3.1858,0
278,3.1879,0
278.1,3.1901,0
278.2,3.1921,0
278.3,3.194,0
278.4,3.1956,0
278.5,3.1973,0
278.6,3.1995,0
278.7,3.2025,0
278.8,3.2059,0
278.9,3.2089,0
279,3.2109,0
279.1,3.2126,0
279.2,3.2141,0
279.3,3.2154,0
279.4,3.217,0
279.5,3.2186,0
279.6,3.2203,0
279.7,3.222,0
279.8,3.2233,0
279.9,3.2238,0
280,3.2241,0
280.1,3.2246,0
280.2,3.2255,0
280.3,3.2266,0
280.4,3.2275,0
280.5,3.2284,0
280.6,3.2296,0
280.7,3.2307,0
280.8,3.2316,0
280.9,3.2325,0
281,3.2336,0
281.1,3.2352,0
281.2,3.2371,0
281.3,3.2394,0
281.4,3.2413,0
281.5,3.2427,0
281.6,3.2442,0
281.7,3.2457,0
281.8,3.2475,0
281.9,3.2498,0
282,3.2524,0
282.1,3.2552,0
282.2,3.2578,0
282.3,3.26,0
282.4,3.2619,0
282.5,3.2635,0
282.6,3.2651,0
282.7,3.2669,0
282.8,3.2689,0
282.9,3.2709,0
283,3.273,0
283.1,3.2747,0
283.2,3.2757,0
283.3,3.2761,0
283.4,3.2762,0
283.5,3.2762,0
283.6,3.2763,0
283.7,3.2767,0
283.8,3.2775,0
283.9,3.2781,0
284,3.2783,0
284.1,3.278,0
284.2,3.2774,0
284.3,3.2768,0
284.4,3.2767,0
284.5,3.2773,0
284.6,3.2782,0
284.7,3.2792,0
284.8,3.2799,0
284.9,3.2808,0
285,3.2819,0
285.1,3.2831,0
285.2,3.2845,0
285.3,3.2862,0
285.4,3.288,0
285.5,3.2899,0
285.6,3.2918,0
285.7,3.2938,0
285.8,3.2958,0
285.9,3.2977,0
286,3.2994,0
286.1,3.301,0
286.2,3.3027,0
286.3,3.3042,0
286.4,3.306,0
286.5,3.3076,0
286.6,3.3088,0
286.7,3.3098,0
286.8,3.3107,0
286.9,3.3116,0
287,3.3125,0
287.1,3.3137,0
287.2,3.3151,0
287.3,3.3164,0
287.4,3.3179,0
287.5,3.3192,0
287.6,3.3203,0
287.7,3.3212,0
287.8,3.3221,0
287.9,3.3235,0
288,3.3253,0
288.1,3.3269,0
288.2,3.3287,0
288.3,3.3306,0
288.4,3.3323,0
288.5,3.3337,0
288.6,3.3349,0
288.7,3.3361,0
288.8,3.3374,0
288.9,3.3395,0
289,3.3419,0
289.1,3.3443,0
289.2,3.3465,0
289.3,3.3484,0
289.4,3.3502,0
289.5,3.3518,0
289.6,3.3538,0
289.7,3.3564,0
289.8,3.3595,0
289.9,3.3624,0
290,3.3649,0
290.1,3.367,0
290.2,3.369,0
290.3,3.371,0
290.4,3.3732,0
290.5,3.3752,0
290.6,3.3772,0
290.7,3.3792,0
290.8,3.3811,0
290.9,3.3826,0
291,3.3836,0
291.1,3.3844,0
291.2,3.3849,0
291.3,3.3857,0
291.4,3.3863,0
291.5,3.3866,0
291.6,3.3865,0
291.7,3.3863,0
291.8,3.3861,0
291.9,3.3856,0
292,3.3847,0
292.1,3.3838,0
292.2,3.3833,0
292.3,3.383,0
292.4,3.3827,0
292.5,3.3822,0
292.6,3.3812,0
292.7,3.3801,0
292.8,3.3792,0
292.9,3.3786,0
293,3.3779,0
293.1,3.3775,0
293.2,3.3773,0
293.3,3.377,0
293.4,3.3765,0
293.5,3.3757,0
293.6,3.3747,0
293.7,3.374,0
293.8,3.3738,0
293.9,3.3738,0
294,3.3737,0
294.1,3.3738,0
294.2,3.3742,0
294.3,3.3744,0
294.4,3.3743,0
294.5,3.3743,0
294.6,3.3745,0
294.7,3.375,0
294.8,3.3758,0
294.9,3.3767,0
295,3.3778,0
295.1,3.379,0
295.2,3.3802,0
295.3,3.3815,0
295.4,3.3826,0
295.5,3.3838,0
295.6,3.3848,0
295.7,3.3857,0
295.8,3.3868,0
295.9,3.3879,0
296,3.389,0
296.1,3.3901,0
296.2,3.3911,0
296.3,3.3917,0
296.4,3.3921,0
296.5,3.3924,0
296.6,3.3926,0
296.7,3.393,0
296.8,3.3935,0
296.9,3.3942,0
297,3.395,0
297.1,3.3959,0
297.2,3.3965,0
297.3,3.397,0
297.4,3.3975,0
297.5,3.3983,0
297.6,3.3993,0
297.7,3.401,0
297.8,3.403,0
297.9,3.405,0
298,3.407,0
298.1,3.4089,0
298.2,3.4106,0
298.3,3.4124,0
298.4,3.4147,0
298.5,3.4174,0
298.6,3.4203,0
298.7,3.4232,0
298.8,3.4255,0
298.9,3.4277,0
299,3.4296,0
299.1,3.4314,0
299.2,3.4334,0
299.3,3.4356,0
299.4,3.4378,0
299.5,3.4399,0
299.6,3.4416,0
299.7,3.443,0
299.8,3.4441,0
299.9,3.4454,0
300,3.4463,0
300.1,3.4473,0
300.2,3.4486,0
300.3,3.45,0
300.4,3.4517,0
300.5,3.4531,0
300.6,3.4539,0
300.7,3.4544,0
300.8,3.4546,0
300.9,3.4552,0
301,3.4562,0
301.1,3.4575,0
301.2,3.4588,0
301.3,3.46,0
301.4,3.4609,0
301.5,3.4613,0
301.6,3.4614,0
301.7,3.4616,0
301.8,3.462,0
301.9,3.463,0
302,3.4644,0
302.1,3.4653,0
302.2,3.4659,0
302.3,3.4661,0
302.4,3.4664,0
302.5,3.4668,0
302.6,3.4673,0
302.7,3.4681,0
302.8,3.4688,0
302.9,3.4697,0
303,3.4705,0
303.1,3.4714,0
303.2,3.4722,0
303.3,3.4731,0
303.4,3.4743,0
303.5,3.4754,0
303.6,3.4765,0
303.7,3.4779,0
303.8,3.4796,0
303.9,3.4815,0
304,3.4834,0
304.1,3.4854,0
304.2,3.4872,0
304.3,3.489,0
304.4,3.4907,0
304.5,3.4925,0
304.6,3.4945,0
304.7,3.4969,0
304.8,3.4993,0
304.9,3.5017,0
305,3.5038,0
305.1,3.5056,0
305.2,3.5071,0
305.3,3.5086,0
305.4,3.5104,0
305.5,3.5125,0
305.6,3.5147,0
305.7,3.5169,0
305.8,3.5189,0
305.9,3.5205,0
306,3.5218,0
306.1,3.5228,0
306.2,3.5241,0
306.3,3.5256,0
306.4,3.5275,0
306.5,3.5297,0
306.6,3.5317,0
306.7,3.5333,0
306.8,3.5343,0
306.9,3.5352,0
307,3.5362,0
307.1,3.5376,0
307.2,3.5395,0
307.3,3.5416,0
307.4,3.5436,0
307.5,3.5455,0
307.6,3.5469,0
307.7,3.5479,0
307.8,3.549,0
307.9,3.5504,0
308,3.5522,0
308.1,3.554,0
308.2,3.5561,0
308.3,3.5579,0
308.4,3.5592,0
308.5,3.5606,0
308.6,3.562,0
308.7,3.5634,0
308.8,3.5646,0
308.9,3.5658,0
309,3.5668,0
309.1,3.5678,0
309.2,3.5688,0
309.3,3.5697,0
309.4,3.5707,0
309.5,3.5718,0
309.6,3.5726,0
309.7,3.5729,0
309.8,3.573,0
309.9,3.5732,0
310,3.5736,0
310.1,3.5743,0
310.2,3.575,0
310.3,3.5757,0
310.4,3.5762,0
310.5,3.5764,0
310.6,3.5762,0
310.7,3.5763,0
310.8,3.5766,0
310.9,3.5774,0
311,3.5785,0
311.1,3.5798,0
311.2,3.5808,0
311.3,3.5815,0
311.4,3.582,0
311.5,3.5828,0
311.6,3.584,0
311.7,3.5858,0
311.8,3.5883,0
311.9,3.591,0
312,3.5933,0
312.1,3.5955,0
312.2,3.5976,0
312.3,3.5998,0
312.4,3.6025,0
312.5,3.6058,0
312.6,3.6093,0
312.7,3.613,0
312.8,3.6166,0
312.9,3.6199,0
313,3.6225,0
313.1,3.6251,0
313.2,3.6275,0
313.3,3.6299,0
313.4,3.6327,0
313.5,3.6359,0
313.6,3.6388,0
313.7,3.6412,0
313.8,3.6429,0
313.9,3.6443,0
314,3.6452,0
314.1,3.6461,0
314.2,3.6475,0
314.3,3.6494,0
314.4,3.6516,0
314.5,3.6536,0
314.6,3.6552,0
314.7,3.6564,0
314.8,3.657,0
314.9,3.658,0
315,3.6596,0
315.1,3.6619,0
315.2,3.6645,0
315.3,3.6669,0
315.4,3.669,0
315.5,3.6709,0
315.6,3.6723,0
315.7,3.6738,0
315.8,3.6756,0
315.9,3.6775,0
316,3.6798,0
316.1,3.6819,0
316.2,3.6835,0
316.3,3.6847,0
316.4,3.6857,0
316.5,3.6864,0
316.6,3.687,0
316.7,3.6875,0
316.8,3.6883,0
316.9,3.6891,0
317,3.6897,0
317.1,3.6899,0
317.2,3.6899,0
317.3,3.69,0
317.4,3.6902,0
317.5,3.6905,0
317.6,3.6908,0
317.7,3.6914,0
317.8,3.692,0
317.9,3.6929,0
318,3.6936,0
318.1,3.6944,0
318.2,3.6953,0
318.3,3.6966,0
318.4,3.698,0
318.5,3.6996,0
318.6,3.7009,0
318.7,3.7025,0
318.8,3.7042,0
318.9,3.7056,0
319,3.7072,0
319.1,3.7088,0
319.2,3.7104,0
319.3,3.7119,0
319.4,3.7132,0
319.5,3.7145,0
319.6,3.7159,0
319.7,3.717,0
319.8,3.7181,0
319.9,3.7191,0
320,3.7203,0
320.1,3.7213,0
320.2,3.7227,0
320.3,3.7243,0
320.4,3.7257,0
320.5,3.7272,0
320.6,3.7288,0
320.7,3.7306,0
320.8,3.7326,0
320.9,3.7348,0
321,3.7372,0
321.1,3.7398,0
321.2,3.7427,0
321.3,3.7458,0
321.4,3.7489,0
321.5,3.7519,0
321.6,3.7548,0
321.7,3.7578,0
321.8,3.7606,0
321.9,3.7636,0
322,3.7667,0
322.1,3.7694,0
322.2,3.7716,0
322.3,3.7735,0
322.4,3.7749,0
322.5,3.7762,0
322.6,3.7776,0
322.7,3.7792,0
322.8,3.7806,0
322.9,3.7817,0
323,3.7817,0
323.1,3.7809,0
323.2,3.78,0
323.3,3.7795,0
323.4,3.7801,0
323.5,3.7815,0
323.6,3.7825,0
323.7,3.7822,0
323.8,3.7811,0
323.9,3.7799,0
324,3.7794,0
324.1,3.7798,0
324.2,3.7809,0
324.3,3.7826,0
324.4,3.7841,0
324.5,3.7846,0
324.6,3.784,0
324.7,3.7833,0
324.8,3.7828,0
324.9,3.7835,0
325,3.7851,0
325.1,3.7865,0
325.2,3.7869,0
325.3,3.7867,0
325.4,3.7863,0
325.5,3.786,0
325.6,3.7852,0
325.7,3.7847,0
325.8,3.7852,0
325.9,3.7863,0
326,3.7874,0
326.1,3.7884,0
326.2,3.7889,0
326.3,3.7893,0
326.4,3.7899,0
326.5,3.7909,0
326.6,3.7922,0
326.7,3.7945,0
326.8,3.7978,0
326.9,3.8018,0
327,3.8056,0
327.1,3.8086,0
327.2,3.8104,0
327.3,3.8119,0
327.4,3.8141,0
327.5,3.8174,0
327.6,3.822,0
327.7,3.8268,0
327.8,3.831,0
327.9,3.8341,0
328,3.8355,0
328.1,3.8357,0
328.2,3.8364,0
328.3,3.838,0
328.4,3.8412,0
328.5,3.8451,0
328.6,3.8479,0
328.7,3.8498,0
328.8,3.8506,0
328.9,3.8509,0
329,3.8512,0
329.1,3.8524,0
329.2,3.855,0
329.3,3.8583,0
329.4,3.862,0
329.5,3.8658,0
329.6,3.8687,0
329.7,3.871,0
329.8,3.8733,0
329.9,3.8756,0
330,3.8781,0
330.1,3.8814,0
330.2,3.8855,0
330.3,3.8902,0
330.4,3.8947,0
330.5,3.898,0
330.6,3.9001,0
330.7,3.9014,0
330.8,3.9025,0
330.9,3.9044,0
331,3.9069,0
331.1,3.9094,0
331.2,3.9112,0
331.3,3.9123,0
331.4,3.9126,0
331.5,3.9123,0
331.6,3.9118,0
331.7,3.9116,0
331.8,3.9122,0
331.9,3.9133,0
332,3.914,0
332.1,3.9139,0
332.2,3.9133,0
332.3,3.9129,0
332.4,3.9129,0
332.5,3.914,0
332.6,3.9152,0
332.7,3.9166,0
332.8,3.9181,0
332.9,3.9194,0
333,3.9201,0
333.1,3.9211,0
333.2,3.9223,0
333.3,3.924,0
333.4,3.9263,0
333.5,3.9291,0
333.6,3.9316,0
333.7,3.9338,0
333.8,3.9357,0
333.9,3.9372,0
334,3.9386,0
334.1,3.9401,0
334.2,3.9424,0
334.3,3.9452,0
334.4,3.9485,0
334.5,3.9523,0
334.6,3.9557,0
334.7,3.9568,0
334.8,3.957,0
334.9,3.9579,0
335,3.9604,0
335.1,3.9664,0
335.2,3.9715,0
335.3,3.9753,0
335.4,3.9788,0
335.5,3.9803,0
335.6,3.9812,0
335.7,3.9847,0
335.8,3.989,0
335.9,3.9935,0
336,3.9998,0
336.1,4.0065,0
336.2,4.0103,0
336.3,4.0123,0
336.4,4.014,0
336.5,4.0151,0
336.6,4.0176,0
336.7,4.0225,0
336.8,4.0275,0
336.9,4.0327,0
337,4.0374,0
337.1,4.0392,0
337.2,4.0387,0
337.3,4.0377,0
337.4,4.0371,0
337.5,4.0395,0
337.6,4.0449,0
337.7,4.0499,0
337.8,4.0529,0
337.9,4.0539,0
338,4.0523,0
338.1,4.0506,0
338.2,4.0506,0
338.3,4.0524,0
338.4,4.0582,0
338.5,4.0639,0
338.6,4.0673,0
338.7,4.0684,0
338.8,4.0674,0
338.9,4.0664,0
339,4.0678,0
339.1,4.0718,0
339.2,4.0767,0
339.3,4.0818,0
339.4,4.0855,0
339.5,4.0877,0
339.6,4.0884,0
339.7,4.0877,0
339.8,4.087,0
339.9,4.0884,0
340,4.0914,0
340.1,4.0944,0
340.2,4.0972,0
340.3,4.0989,0
340.4,4.0984,0
340.5,4.0969,0
340.6,4.0949,0
340.7,4.0928,0
340.8,4.0925,0
340.9,4.0949,0
341,4.0981,0
341.1,4.1001,0
341.2,4.1001,0
341.3,4.0984,0
341.4,4.0966,0
341.5,4.0963,0
341.6,4.098,0
341.7,4.1016,0
341.8,4.1057,0
341.9,4.1095,0
342,4.1122,0
342.1,4.1132,0
342.2,4.114,0
342.3,4.1163,0
342.4,4.121,0
342.5,4.1266,0
342.6,4.1319,0
342.7,4.1363,0
342.8,4.1396,0
342.9,4.1424,0
343,4.145,0
343.1,4.1475,0
343.2,4.1511,0
343.3,4.1553,0
343.4,4.1594,0
343.5,4.1629,0
343.6,4.1653,0
343.7,4.1665,0
343.8,4.1679,0
343.9,4.1701,0
344,4.172,0
344.1,4.1737,0
344.2,4.1756,0
344.3,4.1776,0
344.4,4.1794,0
344.5,4.1808,0
344.6,4.1818,0
344.7,4.1831,0
344.8,4.185,0
344.9,4.1875,0
345,4.1893,0
345.1,4.1913,0
345.2,4.1932,0
345.3,4.1952,0
345.4,4.1977,0
345.5,4.2002,0
345.6,4.2023,0
345.7,4.2045,0
345.8,4.2073,0
345.9,4.2097,0
346,4.2117,0
346.1,4.2137,0
346.2,4.2156,0
346.3,4.2174,0
346.4,4.2193,0
346.5,4.2217,0
346.6,4.224,0
346.7,4.226,0
346.8,4.2278,0
346.9,4.229,0
347,4.2297,0
347.1,4.2312,0
347.2,4.2334,0
347.3,4.236,0
347.4,4.2387,0
347.5,4.2411,0
347.6,4.2427,0
347.7,4.2443,0
347.8,4.2463,0
347.9,4.2485,0
348,4.2512,0
348.1,4.2546,0
348.2,4.2586,0
348.3,4.2609,0
348.4,4.2627,0
348.5,4.2654,0
348.6,4.2691,0
348.7,4.2715,0
348.8,4.273,0
348.9,4.2738,0
349,4.2749,0
349.1,4.2787,0
349.2,4.2817,0
349.3,4.2832,0
349.4,4.2843,0
349.5,4.2834,0
349.6,4.2815,0
349.7,4.2816,0
349.8,4.2825,0
349.9,4.2829,0
350,4.2851,0
350.1,4.2888,0
350.2,4.2905,0
350.3,4.2911,0
350.4,4.2916,0
350.5,4.2914,0
350.6,4.2926,0
350.7,4.2963,0
350.8,4.3004,0
350.9,4.3053,0
351,4.3115,0
351.1,4.3167,0
351.2,4.3204,0
351.3,4.3233,0
351.4,4.3248,0
351.5,4.3277,0
351.6,4.3335,0
351.7,4.3402,0
351.8,4.3467,0
351.9,4.3527,0
352,4.3558,0
352.1,4.3569,0
352.2,4.358,0
352.3,4.3588,0
352.4,4.3631,0
352.5,4.3692,0
352.6,4.3745,0
352.7,4.3782,0
352.8,4.3792,0
352.9,4.3099,0
353,4.3536,0
353.1,4.3945,0
353.2,4.4221,0
353.3,4.4354,0
353.4,4.4211,0
353.5,4.3821,0
353.6,4.347,0
353.7,4.327,0
353.8,4.3232,0
353.9,4.3631,0
354,4.4316,0
354.1,4.4658,0
354.2,4.4553,0
354.3,4.403,0
354.4,4.3394,0
354.5,4.3146,0
354.6,4.3394,0
354.7,4.3907,0
354.8,4.4525,0
354.9,4.501,0
355,4.5124,0
355.1,4.4715,0
355.2,4.3707,0
355.3,4.3375,0
355.4,4.3574,0
355.5,4.4163,0
355.6,4.4791,0
355.7,4.5219,0
355.8,4.519,0
355.9,4.4781,0
356,4.4106,0
356.1,4.3536,0
356.2,4.3346,0
356.3,4.3574,0
356.4,4.4087,0
356.5,4.4781,0
356.6,4.5152,0
356.7,4.5029,0
356.8,4.4686,0
356.9,4.4297,0
357,4.3954,0
357.1,4.3973,0
357.2,4.442,0
357.3,4.4971,0
357.4,4.5513,0
357.5,4.5789,0
357.6,4.5599,0
357.7,4.519,0
357.8,4.4838,0
357.9,4.4667,0
358,4.4743,0
358.1,4.501,0
358.2,4.5266,0
358.3,4.5418,0
358.4,4.5466,0
358.5,4.5076,0
358.6,4.4686,0
358.7,4.4515,0
358.8,4.462,0
358.9,4.4829,0
359,4.52,0
359.1,4.5608,0
359.2,4.5808,0
359.3,4.5713,0
359.4,4.5485,0
359.5,4.52,0
359.6,4.5057,0
359.7,4.5209,0
359.8,4.5646,0
359.9,4.6093,0
