0,1.0252,0
0.1,1.1643,0
0.2,1.1761,0
0.3,1.1837,0
0.4,1.181,0
0.5,1.1761,0
0.6,1.1715,0
0.7,1.1646,0
0.8,1.1742,0
0.9,1.1947,0
1,1.2012,0
1.1,1.2024,0
1.2,1.1986,0
1.3,1.189,0
1.4,1.1879,0
1.5,1.1989,0
1.6,1.2111,0
1.7,1.2188,0
1.8,1.2222,0
1.9,1.2092,0
2,1.2054,0
2.1,1.2191,0
2.2,1.2214,0
2.3,1.2283,0
2.4,1.2351,0
2.5,1.2313,0
2.6,1.2229,0
2.7,1.2264,0
2.8,1.2294,0
2.9,1.2329,0
3,1.2435,0
3.1,1.2485,0
3.2,1.2443,0
3.3,1.2473,0
3.4,1.245,0
3.5,1.2401,0
3.6,1.242,0
3.7,1.2508,0
3.8,1.2569,0
3.9,1.2561,0
4,1.2523,0
4.1,1.2477,0
4.2,1.2477,0
4.3,1.2443,0
4.4,1.245,0
4.5,1.2511,0
4.6,1.2515,0
4.7,1.25,0
4.8,1.2496,0
4.9,1.2458,0
5,1.2389,0
5.1,1.2401,0
5.2,1.2447,0
5.3,1.247,0
5.4,1.2542,0
5.5,1.255,0
5.6,1.2458,0
5.7,1.2424,0
5.8,1.2477,0
5.9,1.2511,0
6,1.2538,0
6.1,1.2572,0
6.2,1.2561,0
6.3,1.2519,0
6.4,1.2511,0
6.5,1.2523,0
6.6,1.255,0
6.7,1.2588,0
6.8,1.2614,0
6.9,1.2611,0
7,1.2584,0
7.1,1.2603,0
7.2,1.2607,0
7.3,1.2622,0
7.4,1.2656,0
7.5,1.2725,0
7.6,1.2759,0
7.7,1.2759,0
7.8,1.2797,0
7.9,1.2805,0
8,1.2797,0
8.1,1.2873,0
8.2,1.2908,0
8.3,1.2919,0
8.4,1.2984,0
8.5,1.3007,0
8.6,1.2992,0
8.7,1.3045,0
8.8,1.3079,0
8.9,1.3079,0
9,1.3136,0
9.1,1.3197,0
9.2,1.3205,0
9.3,1.3224,0
9.4,1.3228,0
9.5,1.3239,0
9.6,1.3255,0
9.7,1.33,0
9.8,1.3327,0
9.9,1.3338,0
10,1.3354,0
10.1,1.3319,0
10.2,1.3312,0
10.3,1.3354,0
10.4,1.3373,0
10.5,1.3361,0
10.6,1.3335,0
10.7,1.3354,0
10.8,1.3338,0
10.9,1.3319,0
11,1.3331,0
11.1,1.3319,0
11.2,1.3296,0
11.3,1.3285,0
11.4,1.3289,0
11.5,1.3281,0
11.6,1.3258,0
11.7,1.3247,0
11.8,1.3247,0
11.9,1.3255,0
12,1.3232,0
12.1,1.3243,0
12.2,1.3228,0
12.3,1.3209,0
12.4,1.3239,0
12.5,1.327,0
12.6,1.3277,0
12.7,1.3281,0
12.8,1.3296,0
12.9,1.3323,0
13,1.3342,0
13.1,1.3384,0
13.2,1.3468,0
13.3,1.3502,0
13.4,1.3548,0
13.5,1.3609,0
13.6,1.3624,0
13.7,1.3639,0
13.8,1.37,0
13.9,1.3735,0
14,1.3777,0
14.1,1.3841,0
14.2,1.3849,0
14.3,1.3826,0
14.4,1.3849,0
14.5,1.3891,0
14.6,1.3933,0
14.7,1.3956,0
14.8,1.3994,0
14.9,1.4009,0
15,1.4013,0
15.1,1.4047,0
15.2,1.4078,0
15.3,1.4143,0
15.4,1.42,0
15.5,1.4226,0
15.6,1.4234,0
15.7,1.4253,0
15.8,1.4287,0
15.9,1.4325,0
16,1.436,0
16.1,1.4367,0
16.2,1.4402,0
16.3,1.4425,0
16.4,1.4421,0
16.5,1.4463,0
16.6,1.4489,0
16.7,1.4478,0
16.8,1.4474,0
16.9,1.4489,0
17,1.4497,0
17.1,1.4501,0
17.2,1.4497,0
17.3,1.452,0
17.4,1.4505,0
17.5,1.4474,0
17.6,1.4508,0
17.7,1.4524,0
17.8,1.4497,0
17.9,1.4527,0
18,1.4527,0
18.1,1.4524,0
18.2,1.4535,0
18.3,1.4524,0
18.4,1.4535,0
18.5,1.4569,0
18.6,1.4596,0
18.7,1.4657,0
18.8,1.4688,0
18.9,1.468,0
19,1.471,0
19.1,1.471,0
19.2,1.471,0
19.3,1.479,0
19.4,1.4855,0
19.5,1.4916,0
19.6,1.4962,0
19.7,1.4958,0
19.8,1.4981,0
19.9,1.5,0
20,1.5027,0
20.1,1.5084,0
20.2,1.5137,0
20.3,1.5213,0
20.4,1.5248,0
20.5,1.5244,0
20.6,1.5267,0
20.7,1.5305,0
20.8,1.5362,0
20.9,1.5442,0
21,1.5503,0
21.1,1.5541,0
21.2,1.5625,0
21.3,1.5671,0
21.4,1.5675,0
21.5,1.5732,0
21.6,1.58,0
21.7,1.5857,0
21.8,1.5911,0
21.9,1.5922,0
22,1.5976,0
22.1,1.5991,0
22.2,1.5998,0
22.3,1.6014,0
22.4,1.6018,0
22.5,1.6063,0
22.6,1.6079,0
22.7,1.6059,0
22.8,1.6059,0
22.9,1.6048,0
23,1.6037,0
23.1,1.6044,0
23.2,1.6037,0
23.3,1.6037,0
23.4,1.6063,0
23.5,1.6071,0
23.6,1.6075,0
23.7,1.6071,0
23.8,1.6048,0
23.9,1.6079,0
24,1.6098,0
24.1,1.609,0
24.2,1.6132,0
24.3,1.6147,0
24.4,1.6155,0
24.5,1.6189,0
24.6,1.6162,0
24.7,1.6181,0
24.8,1.6208,0
24.9,1.6227,0
25,1.6292,0
25.1,1.6322,0
25.2,1.6345,0
25.3,1.6383,0
25.4,1.6399,0
25.5,1.6437,0
25.6,1.6479,0
25.7,1.6521,0
25.8,1.657,0
25.9,1.6593,0
26,1.6597,0
26.1,1.6623,0
26.2,1.6643,0
26.3,1.6688,0
26.4,1.6757,0
26.5,1.6795,0
26.6,1.6825,0
26.7,1.6852,0
26.8,1.6867,0
26.9,1.6905,0
27,1.6959,0
27.1,1.7012,0
27.2,1.7077,0
27.3,1.7115,0
27.4,1.7149,0
27.5,1.7184,0
27.6,1.721,0
27.7,1.7241,0
27.8,1.7294,0
27.9,1.7332,0
28,1.7374,0
28.1,1.7409,0
28.2,1.7416,0
28.3,1.745,0
28.4,1.747,0
28.5,1.7523,0
28.6,1.7561,0
28.7,1.7591,0
28.8,1.7595,0
28.9,1.7595,0
29,1.7603,0
29.1,1.7626,0
29.2,1.7645,0
29.3,1.766,0
29.4,1.7691,0
29.5,1.7706,0
29.6,1.7706,0
29.7,1.7683,0
29.8,1.766,0
29.9,1.7675,0
30,1.7691,0
30.1,1.7698,0
30.2,1.7706,0
30.3,1.7698,0
30.4,1.7668,0
30.5,1.7671,0
30.6,1.7679,0
30.7,1.7691,0
30.8,1.7729,0
30.9,1.7759,0
31,1.7771,0
31.1,1.779,0
31.2,1.7801,0
31.3,1.7847,0
31.4,1.7904,0
31.5,1.7942,0
31.6,1.8003,0
31.7,1.8041,0
31.8,1.8091,0
31.9,1.8114,0
32,1.8167,0
32.1,1.8228,0
32.2,1.8277,0
32.3,1.8323,0
32.4,1.8377,0
32.5,1.8388,0
32.6,1.8411,0
32.7,1.846,0
32.8,1.8495,0
32.9,1.854,0
33,1.8605,0
33.1,1.8651,0
33.2,1.8689,0
33.3,1.8712,0
33.4,1.872,0
33.5,1.8788,0
33.6,1.8838,0
33.7,1.8872,0
33.8,1.8918,0
33.9,1.8941,0
34,1.896,0
34.1,1.8979,0
34.2,1.9017,0
34.3,1.9059,0
34.4,1.9101,0
34.5,1.915,0
34.6,1.9173,0
34.7,1.9192,0
34.8,1.9192,0
34.9,1.9219,0
35,1.9245,0
35.1,1.9291,0
35.2,1.931,0
35.3,1.9325,0
35.4,1.9345,0
35.5,1.9329,0
35.6,1.9333,0
35.7,1.9356,0
35.8,1.9375,0
35.9,1.9379,0
36,1.9398,0
36.1,1.9409,0
36.2,1.9425,0
36.3,1.9428,0
36.4,1.9447,0
36.5,1.9474,0
36.6,1.9501,0
36.7,1.9524,0
36.8,1.9554,0
36.9,1.9581,0
37,1.963,0
37.1,1.9672,0
37.2,1.9703,0
37.3,1.9745,0
37.4,1.9794,0
37.5,1.9832,0
37.6,1.9886,0
37.7,1.992,0
37.8,1.9958,0
37.9,2.0023,0
38,2.0065,0
38.1,2.0095,0
38.2,2.013,0
38.3,2.0168,0
38.4,2.024,0
38.5,2.029,0
38.6,2.0343,0
38.7,2.0389,0
38.8,2.0438,0
38.9,2.0461,0
39,2.0499,0
39.1,2.0541,0
39.2,2.0606,0
39.3,2.0663,0
39.4,2.0724,0
39.5,2.0785,0
39.6,2.0827,0
39.7,2.0873,0
39.8,2.093,0
39.9,2.096,0
40,2.1021,0
40.1,2.1079,0
40.2,2.1113,0
40.3,2.117,0
40.4,2.12,0
40.5,2.1239,0
40.6,2.1269,0
40.7,2.1311,0
40.8,2.1357,0
40.9,2.1399,0
41,2.1429,0
41.1,2.1448,0
41.2,2.146,0
41.3,2.1482,0
41.4,2.1513,0
41.5,2.1547,0
41.6,2.1593,0
41.7,2.1612,0
41.8,2.1631,0
41.9,2.165,0
42,2.1669,0
42.1,2.1688,0
42.2,2.1707,0
42.3,2.1742,0
42.4,2.1787,0
42.5,2.1814,0
42.6,2.1852,0
42.7,2.189,0
42.8,2.1936,0
42.9,2.1982,0
43,2.2035,0
43.1,2.2081,0
43.2,2.2127,0
43.3,2.2172,0
43.4,2.2218,0
43.5,2.2264,0
43.6,2.2321,0
43.7,2.2401,0
43.8,2.2462,0
43.9,2.2504,0
44,2.258,0
44.1,2.2637,0
44.2,2.2702,0
44.3,2.2755,0
44.4,2.2805,0
44.5,2.2866,0
44.6,2.2931,0
44.7,2.3003,0
44.8,2.3049,0
44.9,2.3102,0
45,2.3197,0
45.1,2.3266,0
45.2,2.3312,0
45.3,2.3357,0
45.4,2.3388,0
45.5,2.3441,0
45.6,2.3491,0
45.7,2.3537,0
45.8,2.3598,0
45.9,2.3651,0
46,2.3681,0
46.1,2.37,0
46.2,2.3742,0
46.3,2.3792,0
46.4,2.3838,0
46.5,2.3864,0
46.6,2.3899,0
46.7,2.3944,0
46.8,2.3982,0
46.9,2.4024,0
47,2.4066,0
47.1,2.412,0
47.2,2.4154,0
47.3,2.4196,0
47.4,2.4207,0
47.5,2.423,0
47.6,2.4272,0
47.7,2.4314,0
47.8,2.4348,0
47.9,2.4383,0
48,2.4417,0
48.1,2.4451,0
48.2,2.4459,0
48.3,2.4539,0
48.4,2.4596,0
48.5,2.463,0
48.6,2.4676,0
48.7,2.4714,0
48.8,2.4748,0
48.9,2.4798,0
49,2.484,0
49.1,2.4905,0
49.2,2.4954,0
49.3,2.5008,0
49.4,2.5069,0
49.5,2.5122,0
49.6,2.5164,0
49.7,2.5217,0
49.8,2.5263,0
49.9,2.5324,0
50,2.5389,0
50.1,2.5454,0
50.2,2.5518,0
50.3,2.556,0
50.4,2.5583,0
50.5,2.5633,0
50.6,2.5697,0
50.7,2.5762,0
50.8,2.5823,0
50.9,2.5888,0
51,2.5934,0
51.1,2.5983,0
51.2,2.604,0
51.3,2.6094,0
51.4,2.6132,0
51.5,2.6185,0
51.6,2.6269,0
51.7,2.633,0
51.8,2.6387,0
51.9,2.6444,0
52,2.649,0
52.1,2.6521,0
52.2,2.6555,0
52.3,2.6608,0
52.4,2.6658,0
52.5,2.6715,0
52.6,2.6764,0
52.7,2.6818,0
52.8,2.6871,0
52.9,2.6905,0
53,2.6947,0
53.1,2.6974,0
53.2,2.702,0
53.3,2.7058,0
53.4,2.71,0
53.5,2.7127,0
53.6,2.7157,0
53.7,2.7184,0
53.8,2.7241,0
53.9,2.7275,0
54,2.7309,0
54.1,2.7367,0
54.2,2.7401,0
54.3,2.7462,0
54.4,2.7523,0
54.5,2.7584,0
54.6,2.7641,0
54.7,2.7706,0
54.8,2.779,0
54.9,2.7881,0
55,2.7973,0
55.1,2.8037,0
55.2,2.8091,0
55.3,2.8171,0
55.4,2.8228,0
55.5,2.8296,0
55.6,2.8369,0
55.7,2.8445,0
55.8,2.8498,0
55.9,2.8559,0
56,2.8632,0
56.1,2.8678,0
56.2,2.8704,0
56.3,2.8773,0
56.4,2.8822,0
56.5,2.8876,0
56.6,2.8948,0
56.7,2.9005,0
56.8,2.9063,0
56.9,2.9104,0
57,2.9146,0
57.1,2.9204,0
57.2,2.9253,0
57.3,2.9318,0
57.4,2.9379,0
57.5,2.9436,0
57.6,2.9486,0
57.7,2.9546,0
57.8,2.96,0
57.9,2.9661,0
58,2.9722,0
58.1,2.9806,0
58.2,2.9912,0
58.3,2.9981,0
58.4,3.003,0
58.5,3.0088,0
58.6,3.0149,0
58.7,3.0198,0
58.8,3.0263,0
58.9,3.0328,0
59,3.0377,0
59.1,3.0423,0
59.2,3.0469,0
59.3,3.0522,0
59.4,3.0587,0
59.5,3.0652,0
59.6,3.0713,0
59.7,3.0789,0
59.8,3.0854,0
59.9,3.0911,0
60,3.0957,0
60.1,3.1033,0
60.2,3.1117,0
60.3,3.1185,0
60.4,3.1273,0
60.5,3.1349,0
60.6,3.1425,0
60.7,3.1505,0
60.8,3.1585,0
60.9,3.1665,0
61,3.1745,0
61.1,3.1822,0
61.2,3.1894,0
61.3,3.1951,0
61.4,3.2043,0
61.5,3.2123,0
61.6,3.2184,0
61.7,3.2252,0
61.8,3.2317,0
61.9,3.2374,0
62,3.2428,0
62.1,3.2477,0
62.2,3.2538,0
62.3,3.2618,0
62.4,3.2683,0
62.5,3.2744,0
62.6,3.2801,0
62.7,3.2858,0
62.8,3.2915,0
62.9,3.2984,0
63,3.3049,0
63.1,3.3129,0
63.2,3.3205,0
63.3,3.3281,0
63.4,3.3369,0
63.5,3.3441,0
63.6,3.3529,0
63.7,3.3605,0
63.8,3.367,0
63.9,3.3742,0
64,3.3826,0
64.1,3.3906,0
64.2,3.396,0
64.3,3.4036,0
64.4,3.4116,0
64.5,3.4196,0
64.6,3.4264,0
64.7,3.4306,0
64.8,3.4402,0
64.9,3.4466,0
65,3.455,0
65.1,3.4604,0
65.2,3.4665,0
65.3,3.4726,0
65.4,3.4802,0
65.5,3.4874,0
65.6,3.4966,0
65.7,3.5038,0
65.8,3.5122,0
65.9,3.5198,0
66,3.5297,0
66.1,3.5393,0
66.2,3.5484,0
66.3,3.5572,0
66.4,3.5671,0
66.5,3.5751,0
66.6,3.5827,0
66.7,3.5899,0
66.8,3.5983,0
66.9,3.6082,0
67,3.6162,0
67.1,3.6246,0
67.2,3.6322,0
67.3,3.6387,0
67.4,3.6463,0
67.5,3.6521,0
67.6,3.6585,0
67.7,3.6669,0
67.8,3.6745,0
67.9,3.6806,0
68,3.6886,0
68.1,3.7001,0
68.2,3.7073,0
68.3,3.7157,0
68.4,3.7226,0
68.5,3.7317,0
68.6,3.7397,0
68.7,3.7473,0
68.8,3.7546,0
68.9,3.7645,0
69,3.7755,0
69.1,3.7858,0
69.2,3.7965,0
69.3,3.8064,0
69.4,3.8152,0
69.5,3.8251,0
69.6,3.8335,0
69.7,3.8434,0
69.8,3.8533,0
69.9,3.8617,0
70,3.87,0
70.1,3.8788,0
70.2,3.8876,0
70.3,3.8956,0
70.4,3.9028,0
70.5,3.9101,0
70.6,3.9177,0
70.7,3.9253,0
70.8,3.9318,0
70.9,3.9402,0
71,3.9482,0
71.1,3.9569,0
71.2,3.9653,0
71.3,3.9726,0
71.4,3.9859,0
71.5,3.9962,0
71.6,4.0053,0
71.7,4.0141,0
71.8,4.0229,0
71.9,4.0316,0
72,4.0423,0
72.1,4.0514,0
72.2,4.0617,0
72.3,4.0709,0
72.4,4.08,0
72.5,4.0884,0
72.6,4.0972,0
72.7,4.1067,0
72.8,4.1143,0
72.9,4.1246,0
73,4.1326,0
73.1,4.141,0
73.2,4.1486,0
73.3,4.1574,0
73.4,4.1646,0
73.5,4.1726,0
73.6,4.1825,0
73.7,4.1928,0
73.8,4.202,0
73.9,4.2111,0
74,4.2214,0
74.1,4.2309,0
74.2,4.2393,0
74.3,4.2508,0
74.4,4.2603,0
74.5,4.2713,0
74.6,4.2824,0
74.7,4.2954,0
74.8,4.3079,0
74.9,4.3186,0
75,4.3277,0
75.1,4.3384,0
75.2,4.3487,0
75.3,4.3594,0
75.4,4.3689,0
75.5,4.378,0
75.6,4.3864,0
75.7,4.3952,0
75.8,4.4055,0
75.9,4.4169,0
76,4.4261,0
76.1,4.4371,0
76.2,4.4432,0
76.3,4.4524,0
76.4,4.4623,0
76.5,4.4733,0
76.6,4.4836,0
76.7,4.4947,0
76.8,4.5065,0
76.9,4.516,0
77,4.5259,0
77.1,4.5373,0
77.2,4.5488,0
77.3,4.5614,0
77.4,4.5736,0
77.5,4.5842,0
77.6,4.5964,0
77.7,4.6086,0
77.8,4.6197,0
77.9,4.63,0
78,4.6471,0
78.1,4.657,0
78.2,4.6662,0
78.3,4.6757,0
78.4,4.6841,0
78.5,4.6936,0
78.6,4.7024,0
78.7,4.7088,0
78.8,4.7188,0
78.9,4.7275,0
79,4.7374,0
79.1,4.7458,0
79.2,4.7553,0
79.3,4.7645,0
79.4,4.7736,0
79.5,4.7847,0
79.6,4.7954,0
79.7,4.8072,0
79.8,4.8182,0
79.9,4.8293,0
80,4.8415,0
80.1,4.854,0
80.2,4.867,0
80.3,4.8807,0
80.4,4.8933,0
80.5,4.9055,0
80.6,4.9192,0
80.7,4.9345,0
80.8,4.9463,0
80.9,4.9581,0
81,4.9707,0
81.1,4.9829,0
81.2,4.9943,0
81.3,5.0122,0
81.4,5.0232,0
81.5,5.0351,0
81.6,5.0461,0
81.7,5.056,0
81.8,5.0648,0
81.9,5.0766,0
82,5.0873,0
82.1,5.0991,0
82.2,5.1094,0
82.3,5.1212,0
82.4,5.1341,0
82.5,5.1456,0
82.6,5.1574,0
82.7,5.1715,0
82.8,5.1845,0
82.9,5.197,0
83,5.2092,0
83.1,5.221,0
83.2,5.2348,0
83.3,5.2477,0
83.4,5.2626,0
83.5,5.2748,0
83.6,5.2873,0
83.7,5.2995,0
83.8,5.3091,0
83.9,5.3197,0
84,5.3308,0
84.1,5.343,0
84.2,5.3533,0
84.3,5.3628,0
84.4,5.3723,0
84.5,5.383,0
84.6,5.3975,0
84.7,5.4074,0
84.8,5.4181,0
84.9,5.4272,0
85,5.4367,0
85.1,5.4463,0
85.2,5.4577,0
85.3,5.4668,0
85.4,5.479,0
85.5,5.4901,0
85.6,5.5027,0
85.7,5.5126,0
85.8,5.5225,0
85.9,5.532,0
86,5.5427,0
86.1,5.553,0
86.2,5.5625,0
86.3,5.5736,0
86.4,5.585,0
86.5,5.5915,0
86.6,5.6002,0
86.7,5.6086,0
86.8,5.6143,0
86.9,5.6223,0
87,5.6311,0
87.1,5.6395,0
87.2,5.6463,0
87.3,5.6517,0
87.4,5.6578,0
87.5,5.665,0
87.6,5.6704,0
87.7,5.678,0
87.8,5.6852,0
87.9,5.6982,0
88,5.7016,0
88.1,5.7069,0
88.2,5.7165,0
88.3,5.7233,0
88.4,5.7287,0
88.5,5.7351,0
88.6,5.7401,0
88.7,5.747,0
88.8,5.753,0
88.9,5.7569,0
89,5.7603,0
89.1,5.763,0
89.2,5.7668,0
89.3,5.7694,0
89.4,5.7713,0
89.5,5.7721,0
89.6,5.7713,0
89.7,5.771,0
89.8,5.7687,0
89.9,5.766,0
90,5.7675,0
90.1,5.7664,0
90.2,5.7626,0
90.3,5.7614,0
90.4,5.7572,0
90.5,5.753,0
90.6,5.7504,0
90.7,5.7492,0
90.8,5.7492,0
90.9,5.7473,0
91,5.742,0
91.1,5.7359,0
91.2,5.7283,0
91.3,5.7222,0
91.4,5.7222,0
91.5,5.718,0
91.6,5.7119,0
91.7,5.7035,0
91.8,5.6951,0
91.9,5.6852,0
92,5.6764,0
92.1,5.6711,0
92.2,5.6677,0
92.3,5.657,0
92.4,5.6463,0
92.5,5.6368,0
92.6,5.6261,0
92.7,5.6139,0
92.8,5.6071,0
92.9,5.5995,0
93,5.5892,0
93.1,5.5777,0
93.2,5.5694,0
93.3,5.5572,0
93.4,5.548,0
93.5,5.54,0
93.6,5.5297,0
93.7,5.5168,0
93.8,5.5061,0
93.9,5.4966,0
94,5.4874,0
94.1,5.4771,0
94.2,5.4668,0
94.3,5.4543,0
94.4,5.4394,0
94.5,5.4276,0
94.6,5.4181,0
94.7,5.4066,0
94.8,5.3975,0
94.9,5.3845,0
95,5.3662,0
95.1,5.3548,0
95.2,5.346,0
95.3,5.3338,0
95.4,5.3216,0
95.5,5.3106,0
95.6,5.2965,0
95.7,5.2813,0
95.8,5.2691,0
95.9,5.2591,0
96,5.2492,0
96.1,5.2389,0
96.2,5.2294,0
96.3,5.2165,0
96.4,5.2024,0
96.5,5.1913,0
96.6,5.1833,0
96.7,5.1753,0
96.8,5.1662,0
96.9,5.1574,0
97,5.1467,0
97.1,5.1349,0
97.2,5.1227,0
97.3,5.1117,0
97.4,5.1063,0
97.5,5.0987,0
97.6,5.0911,0
97.7,5.0835,0
97.8,5.0671,0
97.9,5.0591,0
98,5.0534,0
98.1,5.048,0
98.2,5.0415,0
98.3,5.0339,0
98.4,5.0271,0
98.5,5.0221,0
98.6,5.0175,0
98.7,5.0149,0
98.8,5.0122,0
98.9,5.0095,0
99,5.0069,0
99.1,5.003,0
99.2,4.9977,0
99.3,4.997,0
99.4,4.995,0
99.5,4.9966,0
99.6,4.9981,0
99.7,4.9954,0
99.8,4.9916,0
99.9,4.9886,0
100,4.9893,0
100.1,4.9901,0
100.2,4.9939,0
100.3,4.9939,0
100.4,4.992,0
100.5,4.9905,0
100.6,4.9924,0
100.7,4.995,0
100.8,4.9981,0
100.9,5.0008,0
101,5.0008,0
101.1,5.0004,0
101.2,5.003,0
101.3,5.005,0
101.4,5.0107,0
101.5,5.0152,0
101.6,5.0202,0
101.7,5.0232,0
101.8,5.0271,0
101.9,5.0309,0
102,5.0343,0
102.1,5.0419,0
102.2,5.0526,0
102.3,5.061,0
102.4,5.0663,0
102.5,5.0736,0
102.6,5.0812,0
102.7,5.0892,0
102.8,5.0968,0
102.9,5.1048,0
103,5.1132,0
103.1,5.1216,0
103.2,5.1303,0
103.3,5.138,0
103.4,5.146,0
103.5,5.1555,0
103.6,5.1639,0
103.7,5.1715,0
103.8,5.1803,0
103.9,5.1879,0
104,5.197,0
104.1,5.2054,0
104.2,5.2153,0
104.3,5.2245,0
104.4,5.2389,0
104.5,5.2492,0
104.6,5.2603,0
104.7,5.2698,0
104.8,5.279,0
104.9,5.2862,0
105,5.2927,0
105.1,5.2999,0
105.2,5.3072,0
105.3,5.3171,0
105.4,5.3277,0
105.5,5.335,0
105.6,5.3399,0
105.7,5.3453,0
105.8,5.3518,0
105.9,5.3575,0
106,5.362,0
106.1,5.37,0
106.2,5.3761,0
106.3,5.3834,0
106.4,5.3899,0
106.5,5.3956,0
106.6,5.4009,0
106.7,5.4047,0
106.8,5.412,0
106.9,5.4173,0
107,5.4234,0
107.1,5.4291,0
107.2,5.4318,0
107.3,5.4348,0
107.4,5.4386,0
107.5,5.4417,0
107.6,5.4428,0
107.7,5.4447,0
107.8,5.4447,0
107.9,5.4413,0
108,5.4394,0
108.1,5.439,0
108.2,5.4356,0
108.3,5.4325,0
108.4,5.4306,0
108.5,5.4268,0
108.6,5.4204,0
108.7,5.4146,0
108.8,5.4108,0
108.9,5.4082,0
109,5.4051,0
109.1,5.4005,0
109.2,5.3944,0
109.3,5.3883,0
109.4,5.3807,0
109.5,5.3758,0
109.6,5.3723,0
109.7,5.3693,0
109.8,5.3636,0
109.9,5.359,0
110,5.351,0
110.1,5.3422,0
110.2,5.3346,0
110.3,5.3277,0
110.4,5.3213,0
110.5,5.3152,0
110.6,5.306,0
110.7,5.2969,0
110.8,5.2866,0
110.9,5.2767,0
111,5.2618,0
111.1,5.2508,0
111.2,5.2389,0
111.3,5.2275,0
111.4,5.2142,0
111.5,5.2001,0
111.6,5.1852,0
111.7,5.1704,0
111.8,5.1559,0
111.9,5.1418,0
112,5.1284,0
112.1,5.1166,0
112.2,5.101,0
112.3,5.088,0
112.4,5.0724,0
112.5,5.0549,0
112.6,5.0404,0
112.7,5.0271,0
112.8,5.0137,0
112.9,5.0011,0
113,4.9867,0
113.1,4.971,0
113.2,4.9539,0
113.3,4.939,0
113.4,4.9245,0
113.5,4.9089,0
113.6,4.8941,0
113.7,4.8784,0
113.8,4.8628,0
113.9,4.846,0
114,4.8285,0
114.1,4.8117,0
114.2,4.7957,0
114.3,4.7748,0
114.4,4.758,0
114.5,4.7416,0
114.6,4.7268,0
114.7,4.7134,0
114.8,4.7001,0
114.9,4.6875,0
115,4.6753,0
115.1,4.6631,0
115.2,4.6505,0
115.3,4.6387,0
115.4,4.6265,0
115.5,4.6147,0
115.6,4.6033,0
115.7,4.5941,0
115.8,4.5861,0
115.9,4.5758,0
116,4.5655,0
116.1,4.5541,0
116.2,4.5423,0
116.3,4.5332,0
116.4,4.5236,0
116.5,4.5156,0
116.6,4.5065,0
116.7,4.4947,0
116.8,4.4851,0
116.9,4.4783,0
117,4.4718,0
117.1,4.4657,0
117.2,4.4573,0
117.3,4.4493,0
117.4,4.4417,0
117.5,4.4345,0
117.6,4.4223,0
117.7,4.4177,0
117.8,4.4131,0
117.9,4.4085,0
118,4.4017,0
118.1,4.3933,0
118.2,4.3838,0
118.3,4.3765,0
118.4,4.3716,0
118.5,4.3647,0
118.6,4.3594,0
118.7,4.3525,0
118.8,4.3457,0
118.9,4.3369,0
119,4.327,0
119.1,4.3216,0
119.2,4.3144,0
119.3,4.3091,0
119.4,4.3041,0
119.5,4.2973,0
119.6,4.2904,0
119.7,4.2839,0
119.8,4.2782,0
119.9,4.2729,0
120,4.2698,0
120.1,4.2679,0
120.2,4.2649,0
120.3,4.258,0
120.4,4.2538,0
120.5,4.253,0
120.6,4.2523,0
120.7,4.2523,0
120.8,4.2496,0
120.9,4.2489,0
121,4.2485,0
121.1,4.2473,0
121.2,4.2466,0
121.3,4.2466,0
121.4,4.2447,0
121.5,4.2439,0
121.6,4.2424,0
121.7,4.242,0
121.8,4.2405,0
121.9,4.2397,0
122,4.2386,0
122.1,4.2401,0
122.2,4.2378,0
122.3,4.2367,0
122.4,4.2355,0
122.5,4.2355,0
122.6,4.2348,0
122.7,4.2359,0
122.8,4.2348,0
122.9,4.2336,0
123,4.234,0
123.1,4.2355,0
123.2,4.2355,0
123.3,4.2359,0
123.4,4.2378,0
123.5,4.2389,0
123.6,4.2428,0
123.7,4.247,0
123.8,4.2485,0
123.9,4.2492,0
124,4.2492,0
124.1,4.2504,0
124.2,4.2538,0
124.3,4.2569,0
124.4,4.2561,0
124.5,4.2557,0
124.6,4.2557,0
124.7,4.2542,0
124.8,4.2534,0
124.9,4.2523,0
125,4.2511,0
125.1,4.25,0
125.2,4.2485,0
125.3,4.2447,0
125.4,4.2424,0
125.5,4.2416,0
125.6,4.2412,0
125.7,4.2393,0
125.8,4.2386,0
125.9,4.2378,0
126,4.237,0
126.1,4.2355,0
126.2,4.237,0
126.3,4.2374,0
126.4,4.2348,0
126.5,4.2351,0
126.6,4.2332,0
126.7,4.2329,0
126.8,4.2321,0
126.9,4.2329,0
127,4.2348,0
127.1,4.2325,0
127.2,4.2294,0
127.3,4.2287,0
127.4,4.226,0
127.5,4.2283,0
127.6,4.2275,0
127.7,4.2256,0
127.8,4.2218,0
127.9,4.2172,0
128,4.2138,0
128.1,4.2127,0
128.2,4.2104,0
128.3,4.21,0
128.4,4.21,0
128.5,4.2069,0
128.6,4.2024,0
128.7,4.1974,0
128.8,4.1936,0
128.9,4.1894,0
129,4.1886,0
129.1,4.1883,0
129.2,4.1825,0
129.3,4.1753,0
129.4,4.1704,0
129.5,4.1639,0
129.6,4.1563,0
129.7,4.1528,0
129.8,4.1498,0
129.9,4.1425,0
130,4.1361,0
130.1,4.1288,0
130.2,4.1197,0
130.3,4.1113,0
130.4,4.1048,0
130.5,4.0979,0
130.6,4.0922,0
130.7,4.0857,0
130.8,4.0747,0
130.9,4.0675,0
131,4.0617,0
131.1,4.0564,0
131.2,4.0503,0
131.3,4.045,0
131.4,4.0385,0
131.5,4.0316,0
131.6,4.0259,0
131.7,4.0206,0
131.8,4.016,0
131.9,4.008,0
132,4.0015,0
132.1,3.9943,0
132.2,3.9848,0
132.3,3.976,0
132.4,3.9668,0
132.5,3.9607,0
132.6,3.955,0
132.7,3.947,0
132.8,3.9394,0
132.9,3.9276,0
133,3.9165,0
133.1,3.9101,0
133.2,3.9043,0
133.3,3.8971,0
133.4,3.8925,0
133.5,3.8895,0
133.6,3.8826,0
133.7,3.8758,0
133.8,3.8716,0
133.9,3.8666,0
134,3.862,0
134.1,3.8598,0
134.2,3.8563,0
134.3,3.8498,0
134.4,3.8479,0
134.5,3.8399,0
134.6,3.8331,0
134.7,3.8308,0
134.8,3.827,0
134.9,3.8209,0
135,3.8133,0
135.1,3.8064,0
135.2,3.7995,0
135.3,3.7938,0
135.4,3.7877,0
135.5,3.7813,0
135.6,3.7736,0
135.7,3.7679,0
135.8,3.763,0
135.9,3.7561,0
136,3.7492,0
136.1,3.745,0
136.2,3.7393,0
136.3,3.7348,0
136.4,3.7313,0
136.5,3.7256,0
136.6,3.7199,0
136.7,3.7172,0
136.8,3.7134,0
136.9,3.7088,0
137,3.7046,0
137.1,3.7005,0
137.2,3.697,0
137.3,3.6925,0
137.4,3.689,0
137.5,3.6845,0
137.6,3.6806,0
137.7,3.6784,0
137.8,3.673,0
137.9,3.6692,0
138,3.665,0
138.1,3.6612,0
138.2,3.657,0
138.3,3.6555,0
138.4,3.6528,0
138.5,3.6513,0
138.6,3.6505,0
138.7,3.6467,0
138.8,3.6456,0
138.9,3.6421,0
139,3.6421,0
139.1,3.6429,0
139.2,3.6421,0
139.3,3.6414,0
139.4,3.6399,0
139.5,3.6368,0
139.6,3.6341,0
139.7,3.6338,0
139.8,3.6334,0
139.9,3.6345,0
140,3.633,0
140.1,3.6296,0
140.2,3.6284,0
140.3,3.6261,0
140.4,3.6231,0
140.5,3.6242,0
140.6,3.622,0
140.7,3.6178,0
140.8,3.6155,0
140.9,3.6128,0
141,3.6101,0
141.1,3.6109,0
141.2,3.6071,0
141.3,3.6048,0
141.4,3.6033,0
141.5,3.6002,0
141.6,3.5972,0
141.7,3.5938,0
141.8,3.5907,0
141.9,3.588,0
142,3.5861,0
142.1,3.5846,0
142.2,3.5816,0
142.3,3.5774,0
142.4,3.5747,0
142.5,3.5716,0
142.6,3.5705,0
142.7,3.5671,0
142.8,3.5644,0
142.9,3.5602,0
143,3.5572,0
143.1,3.5553,0
143.2,3.5526,0
143.3,3.5514,0
143.4,3.5488,0
143.5,3.5446,0
143.6,3.5415,0
143.7,3.5412,0
143.8,3.5415,0
143.9,3.5404,0
144,3.5347,0
144.1,3.5328,0
144.2,3.532,0
144.3,3.5305,0
144.4,3.5297,0
144.5,3.5305,0
144.6,3.5278,0
144.7,3.5267,0
144.8,3.5259,0
144.9,3.5244,0
145,3.5259,0
145.1,3.5267,0
145.2,3.5278,0
145.3,3.5293,0
145.4,3.5271,0
145.5,3.5252,0
145.6,3.5244,0
145.7,3.5244,0
145.8,3.5267,0
145.9,3.5297,0
146,3.529,0
146.1,3.5248,0
146.2,3.5213,0
146.3,3.5194,0
146.4,3.5187,0
146.5,3.5198,0
146.6,3.521,0
146.7,3.5168,0
146.8,3.5133,0
146.9,3.5091,0
147,3.5042,0
147.1,3.5042,0
147.2,3.5038,0
147.3,3.5011,0
147.4,3.5008,0
147.5,3.4985,0
147.6,3.4943,0
147.7,3.4905,0
147.8,3.4889,0
147.9,3.4901,0
148,3.4897,0
148.1,3.4874,0
148.2,3.4829,0
148.3,3.4783,0
148.4,3.4756,0
148.5,3.4726,0
148.6,3.4726,0
148.7,3.4703,0
148.8,3.4665,0
148.9,3.4611,0
149,3.4535,0
149.1,3.4447,0
149.2,3.4398,0
149.3,3.4345,0
149.4,3.4284,0
149.5,3.4215,0
149.6,3.4165,0
149.7,3.4078,0
149.8,3.3994,0
149.9,3.3933,0
150,3.3887,0
150.1,3.3853,0
150.2,3.3803,0
150.3,3.3742,0
150.4,3.3666,0
150.5,3.3613,0
150.6,3.3567,0
150.7,3.3529,0
150.8,3.3498,0
150.9,3.343,0
151,3.3331,0
151.1,3.3247,0
151.2,3.3163,0
151.3,3.3091,0
151.4,3.3022,0
151.5,3.2934,0
151.6,3.2835,0
151.7,3.2729,0
151.8,3.2603,0
151.9,3.2485,0
152,3.2382,0
152.1,3.2268,0
152.2,3.2161,0
152.3,3.2031,0
152.4,3.1894,0
152.5,3.1784,0
152.6,3.1658,0
152.7,3.1566,0
152.8,3.1486,0
152.9,3.1372,0
153,3.1261,0
153.1,3.1128,0
153.2,3.0991,0
153.3,3.0892,0
153.4,3.0789,0
153.5,3.0694,0
153.6,3.0575,0
153.7,3.0438,0
153.8,3.0282,0
153.9,3.0091,0
154,2.9977,0
154.1,2.9844,0
154.2,2.971,0
154.3,2.9573,0
154.4,2.9417,0
154.5,2.9268,0
154.6,2.9112,0
154.7,2.8979,0
154.8,2.8853,0
154.9,2.8723,0
155,2.8601,0
155.1,2.8449,0
155.2,2.8308,0
155.3,2.8175,0
155.4,2.8053,0
155.5,2.7923,0
155.6,2.7797,0
155.7,2.7687,0
155.8,2.7569,0
155.9,2.7435,0
156,2.7321,0
156.1,2.7191,0
156.2,2.7062,0
156.3,2.6947,0
156.4,2.6845,0
156.5,2.6734,0
156.6,2.6627,0
156.7,2.6498,0
156.8,2.638,0
156.9,2.6265,0
157,2.6155,0
157.1,2.6056,0
157.2,2.5915,0
157.3,2.5831,0
157.4,2.5709,0
157.5,2.5591,0
157.6,2.5476,0
157.7,2.5389,0
157.8,2.5301,0
157.9,2.5213,0
158,2.5118,0
158.1,2.503,0
158.2,2.4935,0
158.3,2.4836,0
158.4,2.4733,0
158.5,2.4642,0
158.6,2.4596,0
158.7,2.4539,0
158.8,2.4455,0
158.9,2.4375,0
159,2.4295,0
159.1,2.4215,0
159.2,2.4131,0
159.3,2.4089,0
159.4,2.4036,0
159.5,2.3971,0
159.6,2.3906,0
159.7,2.3826,0
159.8,2.3746,0
159.9,2.3678,0
160,2.3624,0
160.1,2.3579,0
160.2,2.3537,0
160.3,2.3487,0
160.4,2.3426,0
160.5,2.3331,0
160.6,2.3285,0
160.7,2.327,0
160.8,2.3224,0
160.9,2.3197,0
161,2.3171,0
161.1,2.3121,0
161.2,2.3079,0
161.3,2.306,0
161.4,2.3037,0
161.5,2.3034,0
161.6,2.3014,0
161.7,2.2995,0
161.8,2.2969,0
161.9,2.2927,0
162,2.2919,0
162.1,2.2904,0
162.2,2.2904,0
162.3,2.2908,0
162.4,2.29,0
162.5,2.2885,0
162.6,2.2866,0
162.7,2.2885,0
162.8,2.2877,0
162.9,2.2877,0
163,2.2873,0
163.1,2.2866,0
163.2,2.2851,0
163.3,2.2854,0
163.4,2.2847,0
163.5,2.2839,0
163.6,2.282,0
163.7,2.2782,0
163.8,2.2755,0
163.9,2.2755,0
164,2.2729,0
164.1,2.2683,0
164.2,2.2637,0
164.3,2.2611,0
164.4,2.2565,0
164.5,2.2534,0
164.6,2.2489,0
164.7,2.2466,0
164.8,2.2439,0
164.9,2.2397,0
165,2.2363,0
165.1,2.2287,0
165.2,2.2245,0
165.3,2.2199,0
165.4,2.2161,0
165.5,2.2104,0
165.6,2.205,0
165.7,2.1986,0
165.8,2.1925,0
165.9,2.186,0
166,2.178,0
166.1,2.1707,0
166.2,2.1646,0
166.3,2.157,0
166.4,2.1505,0
166.5,2.1441,0
166.6,2.1361,0
166.7,2.1292,0
166.8,2.1223,0
166.9,2.1159,0
167,2.1109,0
167.1,2.101,0
167.2,2.0957,0
167.3,2.0911,0
167.4,2.0846,0
167.5,2.08,0
167.6,2.0739,0
167.7,2.0671,0
167.8,2.061,0
167.9,2.0553,0
168,2.0495,0
168.1,2.0438,0
168.2,2.0385,0
168.3,2.0332,0
168.4,2.0271,0
168.5,2.0198,0
168.6,2.0141,0
168.7,2.008,0
168.8,2.0015,0
168.9,1.9958,0
169,1.9882,0
169.1,1.9809,0
169.2,1.9741,0
169.3,1.9676,0
169.4,1.9604,0
169.5,1.9558,0
169.6,1.9478,0
169.7,1.9402,0
169.8,1.9333,0
169.9,1.9245,0
170,1.9184,0
170.1,1.912,0
170.2,1.9063,0
170.3,1.8994,0
170.4,1.8895,0
170.5,1.8822,0
170.6,1.8761,0
170.7,1.8689,0
170.8,1.8624,0
170.9,1.8559,0
171,1.8487,0
171.1,1.8396,0
171.2,1.8319,0
171.3,1.8228,0
171.4,1.8159,0
171.5,1.8102,0
171.6,1.803,0
171.7,1.7965,0
171.8,1.7885,0
171.9,1.7797,0
172,1.7713,0
172.1,1.7652,0
172.2,1.7565,0
172.3,1.75,0
172.4,1.7424,0
172.5,1.7355,0
172.6,1.7306,0
172.7,1.7252,0
172.8,1.7168,0
172.9,1.7096,0
173,1.7046,0
173.1,1.6986,0
173.2,1.6932,0
173.3,1.6867,0
173.4,1.6818,0
173.5,1.6757,0
173.6,1.6704,0
173.7,1.6627,0
173.8,1.6551,0
173.9,1.6502,0
174,1.6433,0
174.1,1.6372,0
174.2,1.6338,0
174.3,1.6288,0
174.4,1.6235,0
174.5,1.6162,0
174.6,1.6086,0
174.7,1.6033,0
174.8,1.5991,0
174.9,1.5964,0
175,1.5911,0
175.1,1.5869,0
175.2,1.5812,0
175.3,1.5774,0
175.4,1.572,0
175.5,1.5678,0
175.6,1.5633,0
175.7,1.5595,0
175.8,1.556,0
175.9,1.5503,0
176,1.545,0
176.1,1.5393,0
176.2,1.5354,0
176.3,1.5328,0
176.4,1.5305,0
176.5,1.524,0
176.6,1.5194,0
176.7,1.5141,0
176.8,1.5072,0
176.9,1.5004,0
177,1.4992,0
177.1,1.4981,0
177.2,1.4939,0
177.3,1.4889,0
177.4,1.4836,0
177.5,1.479,0
177.6,1.4748,0
177.7,1.4707,0
177.8,1.4699,0
177.9,1.4695,0
178,1.4672,0
178.1,1.4653,0
178.2,1.4619,0
178.3,1.4577,0
178.4,1.4573,0
178.5,1.4581,0
178.6,1.4569,0
178.7,1.4558,0
178.8,1.4535,0
178.9,1.4482,0
179,1.4447,0
179.1,1.4459,0
179.2,1.4463,0
179.3,1.4482,0
179.4,1.4463,0
179.5,1.4417,0
179.6,1.4375,0
179.7,1.4364,0
179.8,1.4341,0
179.9,1.4333,0
180,1.431,0
180.1,1.4306,0
180.2,1.4268,0
180.3,1.4219,0
180.4,1.4196,0
180.5,1.4165,0
180.6,1.415,0
180.7,1.4165,0
180.8,1.4131,0
180.9,1.407,0
181,1.404,0
181.1,1.3982,0
181.2,1.3941,0
181.3,1.3929,0
181.4,1.3918,0
181.5,1.3876,0
181.6,1.3819,0
181.7,1.3758,0
181.8,1.3678,0
181.9,1.3605,0
182,1.3598,0
182.1,1.3563,0
182.2,1.3491,0
182.3,1.343,0
182.4,1.3384,0
182.5,1.3316,0
182.6,1.3243,0
182.7,1.3209,0
182.8,1.3152,0
182.9,1.3091,0
183,1.3026,0
183.1,1.2957,0
183.2,1.2893,0
183.3,1.2816,0
183.4,1.2782,0
183.5,1.2732,0
183.6,1.2649,0
183.7,1.2599,0
183.8,1.2538,0
183.9,1.247,0
184,1.2397,0
184.1,1.234,0
184.2,1.2287,0
184.3,1.2237,0
184.4,1.2168,0
184.5,1.2111,0
184.6,1.2062,0
184.7,1.202,0
184.8,1.1955,0
184.9,1.1898,0
185,1.1829,0
185.1,1.1791,0
185.2,1.1776,0
185.3,1.1707,0
185.4,1.1635,0
185.5,1.1578,0
185.6,1.154,0
185.7,1.1471,0
185.8,1.1429,0
185.9,1.1402,0
186,1.1372,0
186.1,1.1296,0
186.2,1.1242,0
186.3,1.1212,0
186.4,1.1166,0
186.5,1.1113,0
186.6,1.1079,0
186.7,1.1037,0
186.8,1.1006,0
186.9,1.0941,0
187,1.0911,0
187.1,1.0877,0
187.2,1.0838,0
187.3,1.0819,0
187.4,1.0774,0
187.5,1.0724,0
187.6,1.0678,0
187.7,1.0652,0
187.8,1.0617,0
187.9,1.0583,0
188,1.0564,0
188.1,1.056,0
188.2,1.0518,0
188.3,1.0465,0
188.4,1.0442,0
188.5,1.0408,0
188.6,1.0354,0
188.7,1.032,0
188.8,1.032,0
188.9,1.0301,0
189,1.0286,0
189.1,1.0248,0
189.2,1.021,0
189.3,1.0175,0
189.4,1.0156,0
189.5,1.0156,0
189.6,1.0145,0
189.7,1.0126,0
189.8,1.0095,0
189.9,1.008,0
190,1.0046,0
190.1,1.003,0
190.2,1.003,0
190.3,1.0027,0
190.4,1.0019,0
190.5,0.99962,0
190.6,0.99695,0
190.7,0.99466,0
190.8,0.99162,0
190.9,0.99085,0
191,0.992,0
191.1,0.99238,0
191.2,0.98742,0
191.3,0.98628,0
191.4,0.98476,0
191.5,0.98133,0
191.6,0.97828,0
191.7,0.9779,0
191.8,0.97523,0
191.9,0.97332,0
192,0.97066,0
192.1,0.96761,0
192.2,0.96418,0
192.3,0.96113,0
192.4,0.95846,0
192.5,0.95579,0
192.6,0.95198,0
192.7,0.94893,0
192.8,0.94512,0
192.9,0.94245,0
193,0.94017,0
193.1,0.93674,0
193.2,0.93407,0
193.3,0.93026,0
193.4,0.92683,0
193.5,0.92454,0
193.6,0.92073,0
193.7,0.9154,0
193.8,0.91273,0
193.9,0.9112,0
194,0.90663,0
194.1,0.90358,0
194.2,0.90015,0
194.3,0.89825,0
194.4,0.89558,0
194.5,0.89177,0
194.6,0.88986,0
194.7,0.88796,0
194.8,0.88415,0
194.9,0.88262,0
195,0.88186,0
195.1,0.88034,0
195.2,0.87691,0
195.3,0.87538,0
195.4,0.87271,0
195.5,0.86966,0
195.6,0.8689,0
195.7,0.86623,0
195.8,0.86395,0
195.9,0.86242,0
196,0.86166,0
196.1,0.85976,0
196.2,0.85633,0
196.3,0.85595,0
196.4,0.85366,0
196.5,0.85328,0
196.6,0.85061,0
196.7,0.8487,0
196.8,0.84756,0
196.9,0.84451,0
197,0.84223,0
197.1,0.84184,0
197.2,0.84146,0
197.3,0.8388,0
197.4,0.83575,0
197.5,0.8327,0
197.6,0.83041,0
197.7,0.83117,0
197.8,0.83041,0
197.9,0.82851,0
198,0.82622,0
198.1,0.82508,0
198.2,0.82355,0
198.3,0.82127,0
198.4,0.82165,0
198.5,0.81974,0
198.6,0.81822,0
198.7,0.81555,0
198.8,0.81441,0
198.9,0.81212,0
199,0.81021,0
199.1,0.81021,0
199.2,0.80755,0
199.3,0.80488,0
199.4,0.80183,0
199.5,0.79345,0
199.6,0.8045,0
199.7,0.8064,0
199.8,0.79688,0
199.9,0.7862,0
200,0.77134,0
200.1,0.77477,0
200.2,0.79802,0
200.3,0.80335,0
200.4,0.78659,0
200.5,0.78925,0
200.6,0.78392,0
200.7,0.76105,0
200.8,0.75381,0
200.9,0.75076,0
201,0.76677,0
201.1,0.7904,0
201.2,0.79497,0
201.3,0.77477,0
201.4,0.76029,0
201.5,0.75229,0
201.6,0.73895,0
201.7,0.73285,0
201.8,0.74695,0
201.9,0.75762,0
202,0.7702,0
202.1,0.7721,0
202.2,0.73704,0
202.3,0.72066,0
202.4,0.72218,0
202.5,0.71951,0
202.6,0.74466,0
202.7,0.74924,0
202.8,0.75114,0
202.9,0.74314,0
203,0.71913,0
203.1,0.71532,0
203.2,0.69055,0
203.3,0.71494,0
203.4,0.76867,0
203.5,0.7622,0
203.6,0.75267,0
203.7,0.70884,0
203.8,0.68902,0
203.9,0.7096,0
204,0.73018,0
204.1,0.74809,0
204.2,0.77858,0
204.3,0.77248,0
204.4,0.74314,0
204.5,0.71608,0
204.6,0.68826,0
204.7,0.71723,0
204.8,0.75457,0
204.9,0.76258,0
205,0.77096,0
205.1,0.74657,0
205.2,0.71341,0
205.3,0.70351,0
205.4,0.70427,0
205.5,0.72866,0
205.6,0.75457,0
205.7,0.75152,0
205.8,0.72599,0
205.9,0.69703,0
206,0.6875,0
206.1,0.69207,0
206.2,0.70617,0
206.3,0.73171,0
206.4,0.73895,0
206.5,0.71723,0
206.6,0.69322,0
206.7,0.68331,0
206.8,0.68255,0
206.9,0.70732,0
207,0.71989,0
207.1,0.71189,0
207.2,0.71646,0
207.3,0.6955,0
207.4,0.67607,0
207.5,0.6795,0
207.6,0.69055,0
207.7,0.70084,0
207.8,0.6997,0
207.9,0.69588,0
208,0.68598,0
208.1,0.66883,0
208.2,0.66387,0
208.3,0.67302,0
208.4,0.67797,0
208.5,0.6795,0
208.6,0.67759,0
208.7,0.66311,0
208.8,0.64367,0
208.9,0.64748,0
209,0.65168,0
209.1,0.64977,0
209.2,0.65511,0
209.3,0.65549,0
209.4,0.64558,0
209.5,0.63415,0
209.6,0.63415,0
209.7,0.63186,0
209.8,0.63224,0
209.9,0.64139,0
210,0.63681,0
210.1,0.62843,0
210.2,0.62462,0
210.3,0.62614,0
210.4,0.62652,0
210.5,0.62462,0
210.6,0.62386,0
210.7,0.62233,0
210.8,0.61852,0
210.9,0.61814,0
211,0.62233,0
211.1,0.61814,0
211.2,0.61509,0
211.3,0.61928,0
211.4,0.61395,0
211.5,0.61014,0
211.6,0.60671,0
211.7,0.60061,0
211.8,0.60899,0
211.9,0.61814,0
212,0.61814,0
212.1,0.60976,0
212.2,0.60442,0
212.3,0.60595,0
212.4,0.59909,0
212.5,0.60175,0
212.6,0.61204,0
212.7,0.61128,0
212.8,0.6109,0
212.9,0.60823,0
213,0.59299,0
213.1,0.5907,0
213.2,0.60213,0
213.3,0.59756,0
213.4,0.59604,0
213.5,0.59756,0
213.6,0.59108,0
213.7,0.58841,0
213.8,0.59261,0
213.9,0.59299,0
214,0.59261,0
214.1,0.59718,0
214.2,0.59527,0
214.3,0.58803,0
214.4,0.58575,0
214.5,0.58994,0
214.6,0.59451,0
214.7,0.59756,0
214.8,0.6048,0
214.9,0.60671,0
215,0.59832,0
215.1,0.5968,0
215.2,0.5987,0
215.3,0.59756,0
215.4,0.60366,0
215.5,0.61014,0
215.6,0.60976,0
215.7,0.61014,0
215.8,0.61052,0
215.9,0.60671,0
216,0.60404,0
216.1,0.60671,0
216.2,0.61357,0
216.3,0.61585,0
216.4,0.61776,0
216.5,0.61509,0
216.6,0.60823,0
216.7,0.61395,0
216.8,0.62157,0
216.9,0.62271,0
217,0.62195,0
217.1,0.61738,0
217.2,0.61357,0
217.3,0.61547,0
217.4,0.61357,0
217.5,0.61204,0
217.6,0.61585,0
217.7,0.61966,0
217.8,0.62043,0
217.9,0.61623,0
218,0.6109,0
218.1,0.60747,0
218.2,0.60899,0
218.3,0.61547,0
218.4,0.62081,0
218.5,0.62309,0
218.6,0.62005,0
218.7,0.61814,0
218.8,0.62005,0
218.9,0.61852,0
219,0.62043,0
219.1,0.62614,0
219.2,0.62691,0
219.3,0.62767,0
219.4,0.62957,0
219.5,0.62767,0
219.6,0.62462,0
219.7,0.62386,0
219.8,0.62309,0
219.9,0.625,0
220,0.62233,0
220.1,0.61814,0
220.2,0.61128,0
220.3,0.61166,0
220.4,0.61357,0
220.5,0.6128,0
220.6,0.60785,0
220.7,0.6048,0
220.8,0.60442,0
220.9,0.60252,0
221,0.60213,0
221.1,0.60213,0
221.2,0.60023,0
221.3,0.60137,0
221.4,0.60328,0
221.5,0.60061,0
221.6,0.59756,0
221.7,0.59909,0
221.8,0.60175,0
221.9,0.6048,0
222,0.60518,0
222.1,0.60595,0
222.2,0.60518,0
222.3,0.60518,0
222.4,0.60899,0
222.5,0.61166,0
222.6,0.61395,0
222.7,0.61662,0
222.8,0.61585,0
222.9,0.61242,0
223,0.61204,0
223.1,0.61395,0
223.2,0.61928,0
223.3,0.62081,0
223.4,0.61662,0
223.5,0.61357,0
223.6,0.60938,0
223.7,0.60556,0
223.8,0.60823,0
223.9,0.6128,0
224,0.61204,0
224.1,0.6109,0
224.2,0.60823,0
224.3,0.60518,0
224.4,0.60442,0
224.5,0.60556,0
224.6,0.60938,0
224.7,0.61014,0
224.8,0.60899,0
224.9,0.6109,0
225,0.60976,0
225.1,0.60823,0
225.2,0.6128,0
225.3,0.61547,0
225.4,0.61738,0
225.5,0.62005,0
225.6,0.61852,0
225.7,0.61776,0
225.8,0.61776,0
225.9,0.61966,0
226,0.62043,0
226.1,0.61966,0
226.2,0.61928,0
226.3,0.61509,0
226.4,0.61204,0
226.5,0.61128,0
226.6,0.60747,0
226.7,0.60823,0
226.8,0.60709,0
226.9,0.60671,0
227,0.60366,0
227.1,0.59985,0
227.2,0.59909,0
227.3,0.60023,0
227.4,0.60023,0
227.5,0.60061,0
227.6,0.5987,0
227.7,0.59794,0
227.8,0.59832,0
227.9,0.59756,0
228,0.59756,0
228.1,0.5968,0
228.2,0.59756,0
228.3,0.60023,0
228.4,0.60366,0
228.5,0.6029,0
228.6,0.60023,0
228.7,0.60023,0
228.8,0.60252,0
228.9,0.6048,0
229,0.60442,0
229.1,0.6048,0
229.2,0.60442,0
229.3,0.6048,0
229.4,0.6048,0
229.5,0.6048,0
229.6,0.6029,0
229.7,0.60328,0
229.8,0.60899,0
229.9,0.61052,0
230,0.60976,0
230.1,0.60938,0
230.2,0.60823,0
230.3,0.60747,0
230.4,0.60823,0
230.5,0.60938,0
230.6,0.60823,0
230.7,0.61128,0
230.8,0.61395,0
230.9,0.61433,0
231,0.61433,0
231.1,0.60976,0
231.2,0.60823,0
231.3,0.61052,0
231.4,0.61052,0
231.5,0.61014,0
231.6,0.60899,0
231.7,0.6048,0
231.8,0.60213,0
231.9,0.59909,0
232,0.59909,0
232.1,0.59909,0
232.2,0.59718,0
232.3,0.59604,0
232.4,0.59375,0
232.5,0.58994,0
232.6,0.58727,0
232.7,0.58613,0
232.8,0.58613,0
232.9,0.58613,0
233,0.58613,0
233.1,0.58232,0
233.2,0.58155,0
233.3,0.58079,0
233.4,0.5827,0
233.5,0.58308,0
233.6,0.58422,0
233.7,0.58537,0
233.8,0.58498,0
233.9,0.58537,0
234,0.58613,0
234.1,0.58346,0
234.2,0.58194,0
234.3,0.58232,0
234.4,0.58346,0
234.5,0.58155,0
234.6,0.57813,0
234.7,0.5747,0
234.8,0.57241,0
234.9,0.57165,0
235,0.57165,0
235.1,0.5686,0
235.2,0.56745,0
235.3,0.56707,0
235.4,0.56517,0
235.5,0.56441,0
235.6,0.56555,0
235.7,0.56593,0
235.8,0.56784,0
235.9,0.57012,0
236,0.56974,0
236.1,0.5705,0
236.2,0.57431,0
236.3,0.57813,0
236.4,0.58194,0
236.5,0.58537,0
236.6,0.58918,0
236.7,0.59146,0
236.8,0.59184,0
236.9,0.59375,0
237,0.59451,0
237.1,0.59527,0
237.2,0.5968,0
237.3,0.59985,0
237.4,0.60213,0
237.5,0.60328,0
237.6,0.6029,0
237.7,0.60175,0
237.8,0.59985,0
237.9,0.59909,0
238,0.59756,0
238.1,0.59832,0
238.2,0.59947,0
238.3,0.60137,0
238.4,0.60023,0
238.5,0.59527,0
238.6,0.59299,0
238.7,0.59299,0
238.8,0.59451,0
238.9,0.59642,0
239,0.59718,0
239.1,0.59261,0
239.2,0.59146,0
239.3,0.59184,0
239.4,0.59108,0
239.5,0.59261,0
239.6,0.59375,0
239.7,0.59985,0
239.8,0.60023,0
239.9,0.59756,0
240,0.59756,0
240.1,0.59794,0
240.2,0.59832,0
240.3,0.60061,0
240.4,0.60213,0
240.5,0.60518,0
240.6,0.60518,0
240.7,0.60366,0
240.8,0.60442,0
240.9,0.60671,0
241,0.60899,0
241.1,0.61052,0
241.2,0.61357,0
241.3,0.61433,0
241.4,0.61585,0
241.5,0.61471,0
241.6,0.61319,0
241.7,0.61395,0
241.8,0.61662,0
241.9,0.61814,0
242,0.61662,0
242.1,0.61738,0
242.2,0.61852,0
242.3,0.61814,0
242.4,0.61928,0
242.5,0.62195,0
242.6,0.62081,0
242.7,0.62157,0
242.8,0.62157,0
242.9,0.62081,0
243,0.61814,0
243.1,0.61928,0
243.2,0.62119,0
243.3,0.61928,0
243.4,0.61662,0
243.5,0.61204,0
243.6,0.60976,0
243.7,0.6109,0
243.8,0.61319,0
243.9,0.61471,0
244,0.61662,0
244.1,0.61738,0
244.2,0.61738,0
244.3,0.61662,0
244.4,0.61585,0
244.5,0.61852,0
244.6,0.62233,0
244.7,0.62309,0
244.8,0.62576,0
244.9,0.62729,0
245,0.62843,0
245.1,0.62881,0
245.2,0.62957,0
245.3,0.62957,0
245.4,0.63148,0
245.5,0.63224,0
245.6,0.63186,0
245.7,0.62957,0
245.8,0.62767,0
245.9,0.62881,0
246,0.62652,0
246.1,0.62386,0
246.2,0.62043,0
246.3,0.61852,0
246.4,0.61547,0
246.5,0.6109,0
246.6,0.60671,0
246.7,0.60328,0
246.8,0.60023,0
246.9,0.59832,0
247,0.5968,0
247.1,0.59566,0
247.2,0.59566,0
247.3,0.59527,0
247.4,0.59642,0
247.5,0.59566,0
247.6,0.59527,0
247.7,0.59566,0
247.8,0.59756,0
247.9,0.60213,0
248,0.60595,0
248.1,0.60747,0
248.2,0.61014,0
248.3,0.61242,0
248.4,0.61357,0
248.5,0.61509,0
248.6,0.61814,0
248.7,0.62005,0
248.8,0.62233,0
248.9,0.62271,0
249,0.62309,0
249.1,0.62195,0
249.2,0.62081,0
249.3,0.61814,0
249.4,0.61585,0
249.5,0.61433,0
249.6,0.61319,0
249.7,0.61204,0
249.8,0.61014,0
249.9,0.60938,0
250,0.60785,0
250.1,0.60747,0
250.2,0.60747,0
250.3,0.61014,0
250.4,0.61128,0
250.5,0.61242,0
250.6,0.61319,0
250.7,0.61471,0
250.8,0.61662,0
250.9,0.61776,0
251,0.617,0
251.1,0.61509,0
251.2,0.61395,0
251.3,0.61471,0
251.4,0.61128,0
251.5,0.61014,0
251.6,0.60899,0
251.7,0.60861,0
251.8,0.60518,0
251.9,0.60213,0
252,0.59985,0
252.1,0.59566,0
252.2,0.59566,0
252.3,0.59642,0
252.4,0.59642,0
252.5,0.59604,0
252.6,0.59642,0
252.7,0.5968,0
252.8,0.59527,0
252.9,0.60061,0
253,0.60633,0
253.1,0.60899,0
253.2,0.61166,0
253.3,0.61623,0
253.4,0.61776,0
253.5,0.61852,0
253.6,0.61966,0
253.7,0.62043,0
253.8,0.62119,0
253.9,0.62271,0
254,0.62195,0
254.1,0.61852,0
254.2,0.61357,0
254.3,0.60938,0
254.4,0.60785,0
254.5,0.60404,0
254.6,0.60137,0
254.7,0.59985,0
254.8,0.59909,0
254.9,0.59756,0
255,0.59527,0
255.1,0.59451,0
255.2,0.59489,0
255.3,0.59375,0
255.4,0.59756,0
255.5,0.5987,0
255.6,0.60023,0
255.7,0.60328,0
255.8,0.60556,0
255.9,0.60709,0
256,0.60938,0
256.1,0.61204,0
256.2,0.61585,0
256.3,0.61814,0
256.4,0.61776,0
256.5,0.617,0
256.6,0.61433,0
256.7,0.61471,0
256.8,0.61357,0
256.9,0.6109,0
257,0.60747,0
257.1,0.60671,0
257.2,0.6048,0
257.3,0.6029,0
257.4,0.60023,0
257.5,0.59832,0
257.6,0.59832,0
257.7,0.59756,0
257.8,0.59718,0
257.9,0.59718,0
258,0.59642,0
258.1,0.59451,0
258.2,0.59604,0
258.3,0.59756,0
258.4,0.59832,0
258.5,0.60099,0
258.6,0.60595,0
258.7,0.60671,0
258.8,0.60633,0
258.9,0.61052,0
259,0.61128,0
259.1,0.61128,0
259.2,0.61395,0
259.3,0.61395,0
259.4,0.61357,0
259.5,0.61319,0
259.6,0.61204,0
259.7,0.6109,0
259.8,0.60899,0
259.9,0.60823,0
260,0.60404,0
260.1,0.59947,0
260.2,0.60023,0
260.3,0.59909,0
260.4,0.59756,0
260.5,0.59566,0
260.6,0.59566,0
260.7,0.59642,0
260.8,0.59832,0
260.9,0.59985,0
261,0.60175,0
261.1,0.60518,0
261.2,0.60976,0
261.3,0.61738,0
261.4,0.62386,0
261.5,0.62767,0
261.6,0.63338,0
261.7,0.63834,0
261.8,0.64063,0
261.9,0.64405,0
262,0.64787,0
262.1,0.64977,0
262.2,0.64939,0
262.3,0.65053,0
262.4,0.6513,0
262.5,0.64939,0
262.6,0.64672,0
262.7,0.64482,0
262.8,0.64024,0
262.9,0.63758,0
263,0.633,0
263.1,0.63072,0
263.2,0.62843,0
263.3,0.62462,0
263.4,0.62652,0
263.5,0.62462,0
263.6,0.62195,0
263.7,0.62271,0
263.8,0.62309,0
263.9,0.62462,0
264,0.62652,0
264.1,0.62995,0
264.2,0.63224,0
264.3,0.63491,0
264.4,0.6372,0
264.5,0.63834,0
264.6,0.63948,0
264.7,0.64139,0
264.8,0.64139,0
264.9,0.64253,0
265,0.64253,0
265.1,0.64405,0
265.2,0.64444,0
265.3,0.64748,0
265.4,0.6471,0
265.5,0.64405,0
265.6,0.64405,0
265.7,0.64444,0
265.8,0.64482,0
265.9,0.64558,0
266,0.64558,0
266.1,0.64863,0
266.2,0.64939,0
266.3,0.64672,0
266.4,0.64291,0
266.5,0.64405,0
266.6,0.64596,0
266.7,0.64558,0
266.8,0.64787,0
266.9,0.64825,0
267,0.64787,0
267.1,0.64901,0
267.2,0.64748,0
267.3,0.64672,0
267.4,0.64634,0
267.5,0.64596,0
267.6,0.64558,0
267.7,0.64558,0
267.8,0.64558,0
267.9,0.64558,0
268,0.64405,0
268.1,0.64444,0
268.2,0.64444,0
268.3,0.64329,0
268.4,0.64329,0
268.5,0.64405,0
268.6,0.64215,0
268.7,0.64139,0
268.8,0.64329,0
268.9,0.64405,0
269,0.64558,0
269.1,0.64672,0
269.2,0.64596,0
269.3,0.64405,0
269.4,0.64558,0
269.5,0.64863,0
269.6,0.65206,0
269.7,0.65282,0
269.8,0.6532,0
269.9,0.65282,0
270,0.65206,0
270.1,0.65244,0
270.2,0.65244,0
270.3,0.6513,0
270.4,0.65015,0
270.5,0.64825,0
270.6,0.64444,0
270.7,0.64215,0
270.8,0.63986,0
270.9,0.6372,0
271,0.63491,0
271.1,0.63224,0
271.2,0.62843,0
271.3,0.62576,0
271.4,0.62576,0
271.5,0.62538,0
271.6,0.62348,0
271.7,0.62614,0
271.8,0.62767,0
271.9,0.62729,0
272,0.62843,0
272.1,0.63034,0
272.2,0.62957,0
272.3,0.6311,0
272.4,0.63377,0
272.5,0.63834,0
272.6,0.64063,0
272.7,0.64253,0
272.8,0.64482,0
272.9,0.64596,0
273,0.64863,0
273.1,0.64939,0
273.2,0.64672,0
273.3,0.64558,0
273.4,0.64596,0
273.5,0.64482,0
273.6,0.64329,0
273.7,0.64177,0
273.8,0.64177,0
273.9,0.64215,0
274,0.64101,0
274.1,0.64063,0
274.2,0.64063,0
274.3,0.63986,0
274.4,0.64024,0
274.5,0.64367,0
274.6,0.64253,0
274.7,0.64215,0
274.8,0.64215,0
274.9,0.64405,0
275,0.6452,0
275.1,0.64482,0
275.2,0.64482,0
275.3,0.64482,0
275.4,0.64482,0
275.5,0.6471,0
275.6,0.64748,0
275.7,0.64672,0
275.8,0.64863,0
275.9,0.64939,0
276,0.64748,0
276.1,0.64748,0
276.2,0.64596,0
276.3,0.64482,0
276.4,0.64482,0
276.5,0.64482,0
276.6,0.64291,0
276.7,0.64291,0
276.8,0.64405,0
276.9,0.64405,0
277,0.64329,0
277.1,0.64405,0
277.2,0.64444,0
277.3,0.64329,0
277.4,0.64291,0
277.5,0.64367,0
277.6,0.64482,0
277.7,0.64558,0
277.8,0.64672,0
277.9,0.64748,0
278,0.64939,0
278.1,0.6513,0
278.2,0.6513,0
278.3,0.65091,0
278.4,0.65168,0
278.5,0.65168,0
278.6,0.65244,0
278.7,0.6532,0
278.8,0.65396,0
278.9,0.65358,0
279,0.65244,0
279.1,0.64939,0
279.2,0.64825,0
279.3,0.64825,0
279.4,0.64863,0
279.5,0.64825,0
279.6,0.64863,0
279.7,0.64558,0
279.8,0.64482,0
279.9,0.64444,0
280,0.64596,0
280.1,0.64634,0
280.2,0.64787,0
280.3,0.64825,0
280.4,0.64596,0
280.5,0.64482,0
280.6,0.64748,0
280.7,0.64748,0
280.8,0.64748,0
280.9,0.64977,0
281,0.65053,0
281.1,0.65015,0
281.2,0.64863,0
281.3,0.64939,0
281.4,0.65015,0
281.5,0.64939,0
281.6,0.65015,0
281.7,0.64939,0
281.8,0.64787,0
281.9,0.64863,0
282,0.64863,0
282.1,0.64863,0
282.2,0.64901,0
282.3,0.65053,0
282.4,0.65206,0
282.5,0.65206,0
282.6,0.65358,0
282.7,0.65511,0
282.8,0.65549,0
282.9,0.65625,0
283,0.65663,0
283.1,0.65587,0
283.2,0.65511,0
283.3,0.65473,0
283.4,0.65358,0
283.5,0.65206,0
283.6,0.65244,0
283.7,0.6532,0
283.8,0.65244,0
283.9,0.65206,0
284,0.65206,0
284.1,0.6513,0
284.2,0.65015,0
284.3,0.64901,0
284.4,0.65053,0
284.5,0.6513,0
284.6,0.65053,0
284.7,0.65053,0
284.8,0.65244,0
284.9,0.65358,0
285,0.65587,0
285.1,0.65854,0
285.2,0.6593,0
285.3,0.65968,0
285.4,0.66082,0
285.5,0.66387,0
285.6,0.66502,0
285.7,0.66845,0
285.8,0.67073,0
285.9,0.67111,0
286,0.67073,0
286.1,0.67073,0
286.2,0.67073,0
286.3,0.67149,0
286.4,0.67302,0
286.5,0.67416,0
286.6,0.6734,0
286.7,0.67302,0
286.8,0.6734,0
286.9,0.67492,0
287,0.6753,0
287.1,0.67607,0
287.2,0.67492,0
287.3,0.67302,0
287.4,0.67073,0
287.5,0.66997,0
287.6,0.67111,0
287.7,0.67188,0
287.8,0.67149,0
287.9,0.67264,0
288,0.67149,0
288.1,0.67188,0
288.2,0.67188,0
288.3,0.67226,0
288.4,0.67416,0
288.5,0.6753,0
288.6,0.67683,0
288.7,0.67759,0
288.8,0.67607,0
288.9,0.6753,0
289,0.67416,0
289.1,0.67264,0
289.2,0.67302,0
289.3,0.67226,0
289.4,0.6734,0
289.5,0.67302,0
289.6,0.67149,0
289.7,0.67188,0
289.8,0.67188,0
289.9,0.6734,0
290,0.67416,0
290.1,0.67302,0
290.2,0.67264,0
290.3,0.67111,0
290.4,0.66959,0
290.5,0.67111,0
290.6,0.67302,0
290.7,0.6753,0
290.8,0.67607,0
290.9,0.67607,0
291,0.67683,0
291.1,0.67759,0
291.2,0.67988,0
291.3,0.68178,0
291.4,0.68255,0
291.5,0.68064,0
291.6,0.67912,0
291.7,0.67873,0
291.8,0.68064,0
291.9,0.68216,0
292,0.68216,0
292.1,0.67988,0
292.2,0.67797,0
292.3,0.67759,0
292.4,0.67797,0
292.5,0.68216,0
292.6,0.68521,0
292.7,0.68559,0
292.8,0.68598,0
292.9,0.68712,0
293,0.68712,0
293.1,0.6875,0
293.2,0.68979,0
293.3,0.69131,0
293.4,0.69055,0
293.5,0.69093,0
293.6,0.68826,0
293.7,0.68712,0
293.8,0.68598,0
293.9,0.68712,0
294,0.68712,0
294.1,0.68712,0
294.2,0.68788,0
294.3,0.68712,0
294.4,0.68521,0
294.5,0.68255,0
294.6,0.68064,0
294.7,0.68064,0
294.8,0.68255,0
294.9,0.68407,0
295,0.68559,0
295.1,0.68445,0
295.2,0.68407,0
295.3,0.68445,0
295.4,0.68674,0
295.5,0.68902,0
295.6,0.69131,0
295.7,0.6936,0
295.8,0.69627,0
295.9,0.69703,0
296,0.6955,0
296.1,0.6936,0
296.2,0.69436,0
296.3,0.6955,0
296.4,0.69779,0
296.5,0.69893,0
296.6,0.69665,0
296.7,0.69512,0
296.8,0.69512,0
296.9,0.69512,0
297,0.69588,0
297.1,0.69512,0
297.2,0.69474,0
297.3,0.69436,0
297.4,0.69245,0
297.5,0.69131,0
297.6,0.69207,0
297.7,0.69398,0
297.8,0.69512,0
297.9,0.69398,0
298,0.69588,0
298.1,0.69893,0
298.2,0.70046,0
298.3,0.7016,0
298.4,0.70541,0
298.5,0.71075,0
298.6,0.71341,0
298.7,0.71608,0
298.8,0.71723,0
298.9,0.71761,0
299,0.71799,0
299.1,0.72066,0
299.2,0.7218,0
299.3,0.7218,0
299.4,0.72104,0
299.5,0.71761,0
299.6,0.71418,0
299.7,0.71037,0
299.8,0.70808,0
299.9,0.70617,0
300,0.70427,0
300.1,0.7016,0
300.2,0.6997,0
300.3,0.69703,0
300.4,0.69436,0
300.5,0.6936,0
300.6,0.69436,0
300.7,0.69665,0
300.8,0.69931,0
300.9,0.70236,0
301,0.70427,0
301.1,0.70541,0
301.2,0.70694,0
301.3,0.70998,0
301.4,0.71265,0
301.5,0.71646,0
301.6,0.71875,0
301.7,0.71989,0
301.8,0.7218,0
301.9,0.72218,0
302,0.72256,0
302.1,0.72104,0
302.2,0.71989,0
302.3,0.71913,0
302.4,0.71608,0
302.5,0.71456,0
302.6,0.71303,0
302.7,0.71113,0
302.8,0.70808,0
302.9,0.70579,0
303,0.70541,0
303.1,0.70541,0
303.2,0.70351,0
303.3,0.70389,0
303.4,0.70427,0
303.5,0.70465,0
303.6,0.70389,0
303.7,0.70465,0
303.8,0.70808,0
303.9,0.71075,0
304,0.71151,0
304.1,0.71265,0
304.2,0.71227,0
304.3,0.71303,0
304.4,0.71608,0
304.5,0.71913,0
304.6,0.72142,0
304.7,0.7237,0
304.8,0.72523,0
304.9,0.72561,0
305,0.72637,0
305.1,0.72713,0
305.2,0.72713,0
305.3,0.72637,0
305.4,0.72599,0
305.5,0.72637,0
305.6,0.72675,0
305.7,0.7279,0
305.8,0.7279,0
305.9,0.72828,0
306,0.72828,0
306.1,0.72904,0
306.2,0.73056,0
306.3,0.73171,0
306.4,0.73171,0
306.5,0.73171,0
306.6,0.73209,0
306.7,0.73285,0
306.8,0.73438,0
306.9,0.73361,0
307,0.73476,0
307.1,0.73552,0
307.2,0.73361,0
307.3,0.73171,0
307.4,0.73095,0
307.5,0.73056,0
307.6,0.72904,0
307.7,0.72752,0
307.8,0.72599,0
307.9,0.72447,0
308,0.72142,0
308.1,0.72142,0
308.2,0.72104,0
308.3,0.71989,0
308.4,0.72104,0
308.5,0.7237,0
308.6,0.72409,0
308.7,0.72523,0
308.8,0.73018,0
308.9,0.73438,0
309,0.74276,0
309.1,0.74657,0
309.2,0.74924,0
309.3,0.75457,0
309.4,0.75915,0
309.5,0.76181,0
309.6,0.76486,0
309.7,0.76677,0
309.8,0.76829,0
309.9,0.76829,0
310,0.76867,0
310.1,0.76677,0
310.2,0.76563,0
310.3,0.76334,0
310.4,0.76105,0
310.5,0.75838,0
310.6,0.75648,0
310.7,0.75572,0
310.8,0.75305,0
310.9,0.75191,0
311,0.74886,0
311.1,0.74848,0
311.2,0.74809,0
311.3,0.74733,0
311.4,0.74657,0
311.5,0.74924,0
311.6,0.75076,0
311.7,0.75267,0
311.8,0.75572,0
311.9,0.75915,0
312,0.76067,0
312.1,0.76334,0
312.2,0.76715,0
312.3,0.77058,0
312.4,0.77477,0
312.5,0.77782,0
312.6,0.77934,0
312.7,0.78049,0
312.8,0.78049,0
312.9,0.77858,0
313,0.77782,0
313.1,0.77973,0
313.2,0.78087,0
313.3,0.77934,0
313.4,0.77858,0
313.5,0.77668,0
313.6,0.77553,0
313.7,0.77477,0
313.8,0.77096,0
313.9,0.76677,0
314,0.76524,0
314.1,0.76524,0
314.2,0.76448,0
314.3,0.76258,0
314.4,0.76181,0
314.5,0.76029,0
314.6,0.76067,0
314.7,0.76143,0
314.8,0.76143,0
314.9,0.76448,0
315,0.76753,0
315.1,0.76829,0
315.2,0.76982,0
315.3,0.77134,0
315.4,0.7721,0
315.5,0.77439,0
315.6,0.77744,0
315.7,0.77668,0
315.8,0.77782,0
315.9,0.77744,0
316,0.77744,0
316.1,0.7763,0
316.2,0.77668,0
316.3,0.77591,0
316.4,0.77782,0
316.5,0.7782,0
316.6,0.77744,0
316.7,0.77591,0
316.8,0.77668,0
316.9,0.77896,0
317,0.78049,0
317.1,0.78087,0
317.2,0.78201,0
317.3,0.78392,0
317.4,0.7862,0
317.5,0.78849,0
317.6,0.79116,0
317.7,0.79459,0
317.8,0.79878,0
317.9,0.80069,0
318,0.80107,0
318.1,0.80297,0
318.2,0.80335,0
318.3,0.80564,0
318.4,0.80488,0
318.5,0.80335,0
318.6,0.80335,0
318.7,0.80183,0
318.8,0.80145,0
318.9,0.79954,0
319,0.79764,0
319.1,0.79649,0
319.2,0.79573,0
319.3,0.79306,0
319.4,0.7904,0
319.5,0.78925,0
319.6,0.78963,0
319.7,0.78963,0
319.8,0.7862,0
319.9,0.78544,0
320,0.78659,0
320.1,0.7862,0
320.2,0.78544,0
320.3,0.78506,0
320.4,0.78239,0
320.5,0.7862,0
320.6,0.78925,0
320.7,0.79002,0
320.8,0.78925,0
320.9,0.79116,0
321,0.7923,0
321.1,0.79497,0
321.2,0.79688,0
321.3,0.79878,0
321.4,0.80107,0
321.5,0.80335,0
321.6,0.80335,0
321.7,0.8045,0
321.8,0.80678,0
321.9,0.80755,0
322,0.80793,0
322.1,0.80831,0
322.2,0.80793,0
322.3,0.80755,0
322.4,0.80945,0
322.5,0.80755,0
322.6,0.80564,0
322.7,0.80297,0
322.8,0.80412,0
322.9,0.80297,0
323,0.80107,0
323.1,0.79878,0
323.2,0.79878,0
323.3,0.7984,0
323.4,0.79954,0
323.5,0.79992,0
323.6,0.79916,0
323.7,0.7984,0
323.8,0.80069,0
323.9,0.80297,0
324,0.80259,0
324.1,0.80373,0
324.2,0.80793,0
324.3,0.81136,0
324.4,0.81402,0
324.5,0.81441,0
324.6,0.81707,0
324.7,0.8186,0
324.8,0.82127,0
324.9,0.82431,0
325,0.8247,0
325.1,0.82508,0
325.2,0.82774,0
325.3,0.82851,0
325.4,0.83041,0
325.5,0.83232,0
325.6,0.83155,0
325.7,0.83079,0
325.8,0.83041,0
325.9,0.82965,0
326,0.82965,0
326.1,0.82851,0
326.2,0.82508,0
326.3,0.82165,0
326.4,0.81784,0
326.5,0.81441,0
326.6,0.81212,0
326.7,0.81021,0
326.8,0.80755,0
326.9,0.80564,0
327,0.80412,0
327.1,0.80335,0
327.2,0.80145,0
327.3,0.80107,0
327.4,0.80259,0
327.5,0.80297,0
327.6,0.80259,0
327.7,0.80297,0
327.8,0.80488,0
327.9,0.80793,0
328,0.81212,0
328.1,0.81441,0
328.2,0.81479,0
328.3,0.81707,0
328.4,0.81784,0
328.5,0.81974,0
328.6,0.82165,0
328.7,0.82508,0
328.8,0.83041,0
328.9,0.83308,0
329,0.83346,0
329.1,0.83079,0
329.2,0.83232,0
329.3,0.83155,0
329.4,0.83308,0
329.5,0.83346,0
329.6,0.83537,0
329.7,0.83727,0
329.8,0.83956,0
329.9,0.83956,0
330,0.84032,0
330.1,0.84261,0
330.2,0.84337,0
330.3,0.84337,0
330.4,0.84566,0
330.5,0.84794,0
330.6,0.84909,0
330.7,0.85023,0
330.8,0.85099,0
330.9,0.85061,0
331,0.85137,0
331.1,0.85137,0
331.2,0.84947,0
331.3,0.8487,0
331.4,0.8487,0
331.5,0.8487,0
331.6,0.84947,0
331.7,0.8487,0
331.8,0.8468,0
331.9,0.8468,0
332,0.84718,0
332.1,0.84451,0
332.2,0.84413,0
332.3,0.84413,0
332.4,0.84337,0
332.5,0.84413,0
332.6,0.84642,0
332.7,0.84604,0
332.8,0.84566,0
332.9,0.84794,0
333,0.84718,0
333.1,0.84985,0
333.2,0.85061,0
333.3,0.8529,0
333.4,0.85595,0
333.5,0.85823,0
333.6,0.8609,0
333.7,0.86242,0
333.8,0.86547,0
333.9,0.86738,0
334,0.86852,0
334.1,0.87081,0
334.2,0.87119,0
334.3,0.87271,0
334.4,0.87462,0
334.5,0.875,0
334.6,0.87767,0
334.7,0.87729,0
334.8,0.87805,0
334.9,0.87729,0
335,0.87614,0
335.1,0.87538,0
335.2,0.87652,0
335.3,0.87614,0
335.4,0.87462,0
335.5,0.87462,0
335.6,0.87424,0
335.7,0.87462,0
335.8,0.87309,0
335.9,0.87462,0
336,0.87538,0
336.1,0.87729,0
336.2,0.87767,0
336.3,0.87881,0
336.4,0.87843,0
336.5,0.88034,0
336.6,0.88148,0
336.7,0.88224,0
336.8,0.88377,0
336.9,0.88224,0
337,0.88262,0
337.1,0.88529,0
337.2,0.88529,0
337.3,0.88529,0
337.4,0.8872,0
337.5,0.88872,0
337.6,0.88834,0
337.7,0.88681,0
337.8,0.8872,0
337.9,0.88986,0
338,0.89024,0
338.1,0.89253,0
338.2,0.89291,0
338.3,0.89253,0
338.4,0.89405,0
338.5,0.89444,0
338.6,0.89558,0
338.7,0.8971,0
338.8,0.8971,0
338.9,0.89672,0
339,0.89748,0
339.1,0.89558,0
339.2,0.89482,0
339.3,0.89482,0
339.4,0.8952,0
339.5,0.89291,0
339.6,0.89139,0
339.7,0.89024,0
339.8,0.89063,0
339.9,0.89139,0
340,0.89101,0
340.1,0.8891,0
340.2,0.88796,0
340.3,0.8872,0
340.4,0.88834,0
340.5,0.88872,0
340.6,0.88986,0
340.7,0.89024,0
340.8,0.89291,0
340.9,0.89291,0
341,0.89291,0
341.1,0.89291,0
341.2,0.89329,0
341.3,0.89329,0
341.4,0.89482,0
341.5,0.89748,0
341.6,0.89825,0
341.7,0.89863,0
341.8,0.90015,0
341.9,0.90206,0
342,0.90282,0
342.1,0.90511,0
342.2,0.90777,0
342.3,0.90854,0
342.4,0.9112,0
342.5,0.91235,0
342.6,0.91349,0
342.7,0.9154,0
342.8,0.91616,0
342.9,0.9173,0
343,0.91845,0
343.1,0.91845,0
343.2,0.91959,0
343.3,0.91921,0
343.4,0.91883,0
343.5,0.9173,0
343.6,0.9173,0
343.7,0.91845,0
343.8,0.9173,0
343.9,0.9173,0
344,0.91616,0
344.1,0.91806,0
344.2,0.9173,0
344.3,0.91387,0
344.4,0.91502,0
344.5,0.91616,0
344.6,0.91425,0
344.7,0.91273,0
344.8,0.91463,0
344.9,0.91387,0
345,0.91197,0
345.1,0.91159,0
345.2,0.91159,0
345.3,0.91311,0
345.4,0.91387,0
345.5,0.91387,0
345.6,0.91425,0
345.7,0.91654,0
345.8,0.91883,0
345.9,0.92111,0
346,0.92416,0
346.1,0.92645,0
346.2,0.92759,0
346.3,0.92912,0
346.4,0.93178,0
346.5,0.93445,0
346.6,0.93636,0
346.7,0.93826,0
346.8,0.94093,0
346.9,0.94131,0
347,0.94207,0
347.1,0.94131,0
347.2,0.94207,0
347.3,0.94322,0
347.4,0.94245,0
347.5,0.93979,0
347.6,0.93674,0
347.7,0.93636,0
347.8,0.93598,0
347.9,0.93407,0
348,0.93255,0
348.1,0.9314,0
348.2,0.9314,0
348.3,0.93026,0
348.4,0.93178,0
348.5,0.93178,0
348.6,0.93369,0
348.7,0.93712,0
348.8,0.93712,0
348.9,0.93826,0
349,0.94055,0
349.1,0.94322,0
349.2,0.94436,0
349.3,0.94741,0
349.4,0.95008,0
349.5,0.95313,0
349.6,0.95579,0
349.7,0.95846,0
349.8,0.95846,0
349.9,0.95922,0
350,0.96037,0
350.1,0.96113,0
350.2,0.96227,0
350.3,0.9638,0
350.4,0.96341,0
350.5,0.96418,0
350.6,0.96341,0
350.7,0.96113,0
350.8,0.96113,0
350.9,0.96227,0
351,0.96227,0
351.1,0.96227,0
351.2,0.96227,0
351.3,0.95998,0
351.4,0.95922,0
351.5,0.9596,0
351.6,0.9596,0
351.7,0.9596,0
351.8,0.96113,0
351.9,0.96151,0
352,0.96151,0
352.1,0.96303,0
352.2,0.96418,0
352.3,0.96684,0
352.4,0.96761,0
352.5,0.96837,0
352.6,0.96799,0
352.7,0.96913,0
352.8,0.97027,0
352.9,0.97142,0
353,0.97256,0
353.1,0.97256,0
353.2,0.97409,0
353.3,0.97409,0
353.4,0.97485,0
353.5,0.97485,0
353.6,0.97447,0
353.7,0.97523,0
353.8,0.97675,0
353.9,0.97675,0
354,0.9779,0
354.1,0.98056,0
354.2,0.98285,0
354.3,0.98438,0
354.4,0.9859,0
354.5,0.98819,0
354.6,0.98971,0
354.7,0.99276,0
354.8,0.99581,0
354.9,0.99886,0
355,1.0011,0
355.1,1.0038,0
355.2,1.005,0
355.3,1.0072,0
355.4,1.0088,0
355.5,1.008,0
355.6,1.0069,0
355.7,1.0057,0
355.8,1.0046,0
355.9,1.0057,0
356,1.0061,0
356.1,1.0053,0
356.2,1.0053,0
356.3,1.0046,0
356.4,1.0034,0
356.5,1.0023,0
356.6,1.0023,0
356.7,1.0027,0
356.8,1.003,0
356.9,1.0046,0
357,1.0061,0
357.1,1.0076,0
357.2,1.0076,0
357.3,1.0088,0
357.4,1.0126,0
357.5,1.0145,0
357.6,1.0164,0
357.7,1.0198,0
357.8,1.0217,0
357.9,1.0232,0
358,1.0244,0
358.1,1.0259,0
358.2,1.0274,0
358.3,1.0278,0
358.4,1.0286,0
358.5,1.032,0
358.6,1.0335,0
358.7,1.0332,0
358.8,1.0328,0
358.9,1.0328,0
359,1.0335,0
359.1,1.0316,0
359.2,1.032,0
359.3,1.0335,0
359.4,1.0339,0
359.5,1.0328,0
359.6,1.0328,0
359.7,1.0335,0
359.8,1.0343,0
359.9,1.0347,0
