0.1,4.7788
0.2,4.7877
0.3,4.7966
0.4,4.8056
0.5,4.8146
0.6,4.8236
0.7,4.8327
0.8,4.8418
0.9,4.8508
1,4.8599
1.1,4.8688
1.2,4.8778
1.3,4.8868
1.4,4.8958
1.5,4.9048
1.6,4.9138
1.7,4.9227
1.8,4.9316
1.9,4.9404
2,4.9492
2.1,4.958
2.2,4.9667
2.3,4.9754
2.4,4.9841
2.5,4.9927
2.6,5.0013
2.7,5.0097
2.8,5.0181
2.9,5.0265
3,5.0348
3.1,5.0431
3.2,5.0513
3.3,5.0594
3.4,5.0675
3.5,5.0755
3.6,5.0834
3.7,5.0912
3.8,5.099
3.9,5.1067
4,5.1143
4.1,5.1219
4.2,5.1294
4.3,5.1367
4.4,5.144
4.5,5.1512
4.6,5.1584
4.7,5.1654
4.8,5.1725
4.9,5.1795
5,5.1863
5.1,5.1929
5.2,5.1996
5.3,5.2063
5.4,5.2128
5.5,5.2192
5.6,5.2255
5.7,5.2319
5.8,5.2381
5.9,5.2442
6,5.2503
6.1,5.2563
6.2,5.2622
6.3,5.2681
6.4,5.2739
6.5,5.2796
6.6,5.2852
6.7,5.2908
6.8,5.2964
6.9,5.3018
7,5.3072
7.1,5.3126
7.2,5.3179
7.3,5.3231
7.4,5.3283
7.5,5.3334
7.6,5.3385
7.7,5.3435
7.8,5.3485
7.9,5.3534
8,5.3583
8.1,5.3632
8.2,5.368
8.3,5.3728
8.4,5.3776
8.5,5.3823
8.6,5.387
8.7,5.3917
8.8,5.3964
8.9,5.401
9,5.4056
9.1,5.4102
9.2,5.4148
9.3,5.4193
9.4,5.4239
9.5,5.4284
9.6,5.433
9.7,5.4375
9.8,5.442
9.9,5.4465
10,5.451
10.1,5.4556
10.2,5.4601
10.3,5.4647
10.4,5.4693
10.5,5.4738
10.6,5.4783
10.7,5.4829
10.8,5.4875
10.9,5.4922
11,5.4968
11.1,5.5015
11.2,5.5061
11.3,5.5108
11.4,5.5155
11.5,5.5202
11.6,5.525
11.7,5.5298
11.8,5.5346
11.9,5.5394
12,5.5442
12.1,5.5491
12.2,5.554
12.3,5.559
12.4,5.5639
12.5,5.5689
12.6,5.574
12.7,5.5791
12.8,5.5842
12.9,5.5893
13,5.5945
13.1,5.5997
13.2,5.6049
13.3,5.6102
13.4,5.6155
13.5,5.6209
13.6,5.6262
13.7,5.6317
13.8,5.6371
13.9,5.6426
14,5.648
14.1,5.6536
14.2,5.6592
14.3,5.6649
14.4,5.6705
14.5,5.6762
14.6,5.6819
14.7,5.6876
14.8,5.6934
14.9,5.6992
15,5.7051
15.1,5.711
15.2,5.717
15.3,5.7229
15.4,5.7289
15.5,5.7348
15.6,5.7409
15.7,5.747
15.8,5.7531
15.9,5.7592
16,5.7654
16.1,5.7716
16.2,5.7778
16.3,5.784
16.4,5.7902
16.5,5.7965
16.6,5.8028
16.7,5.8092
16.8,5.8155
16.9,5.8219
17,5.8283
17.1,5.8348
17.2,5.8412
17.3,5.8477
17.4,5.8542
17.5,5.8607
17.6,5.8672
17.7,5.8738
17.8,5.8804
17.9,5.887
18,5.8936
18.1,5.9003
18.2,5.9069
18.3,5.9136
18.4,5.9203
18.5,5.927
18.6,5.9337
18.7,5.9405
18.8,5.9472
18.9,5.954
19,5.9608
19.1,5.9676
19.2,5.9744
19.3,5.9813
19.4,5.9881
19.5,5.995
19.6,6.0019
19.7,6.0088
19.8,6.0157
19.9,6.0226
20,6.0296
20.1,6.0366
20.2,6.0436
20.3,6.0506
20.4,6.0576
20.5,6.0646
20.6,6.0717
20.7,6.0787
20.8,6.0858
20.9,6.0928
21,6.0999
21.1,6.1071
21.2,6.1142
21.3,6.1213
21.4,6.1285
21.5,6.1356
21.6,6.1428
21.7,6.15
21.8,6.1572
21.9,6.1644
22,6.1717
22.1,6.1789
22.2,6.1862
22.3,6.1935
22.4,6.2008
22.5,6.208
22.6,6.2154
22.7,6.2227
22.8,6.2301
22.9,6.2375
23,6.2448
23.1,6.2522
23.2,6.2596
23.3,6.267
23.4,6.2744
23.5,6.2819
23.6,6.2893
23.7,6.2968
23.8,6.3043
23.9,6.3118
24,6.3193
24.1,6.3268
24.2,6.3343
24.3,6.3419
24.4,6.3494
24.5,6.357
24.6,6.3646
24.7,6.3722
24.8,6.3799
24.9,6.3875
25,6.3951
25.1,6.4028
25.2,6.4104
25.3,6.4181
25.4,6.4258
25.5,6.4335
25.6,6.4413
25.7,6.449
25.8,6.4567
25.9,6.4645
26,6.4722
26.1,6.48
26.2,6.4878
26.3,6.4956
26.4,6.5035
26.5,6.5113
26.6,6.5192
26.7,6.527
26.8,6.5349
26.9,6.5428
27,6.5507
27.1,6.5586
27.2,6.5666
27.3,6.5745
27.4,6.5825
27.5,6.5905
27.6,6.5985
27.7,6.6064
27.8,6.6144
27.9,6.6225
28,6.6305
28.1,6.6386
28.2,6.6466
28.3,6.6547
28.4,6.6628
28.5,6.6709
28.6,6.679
28.7,6.6871
28.8,6.6952
28.9,6.7034
29,6.7116
29.1,6.7198
29.2,6.728
29.3,6.7362
29.4,6.7444
29.5,6.7527
29.6,6.7609
29.7,6.7693
29.8,6.7776
29.9,6.7859
30,6.7943
30.1,6.8026
30.2,6.8109
30.3,6.8193
30.4,6.8277
30.5,6.8361
30.6,6.8446
30.7,6.8531
30.8,6.8616
30.9,6.8701
31,6.8786
31.1,6.8871
31.2,6.8956
31.3,6.9042
31.4,6.9128
31.5,6.9215
31.6,6.9301
31.7,6.9388
31.8,6.9475
31.9,6.9562
32,6.9649
32.1,6.9737
32.2,6.9825
32.3,6.9913
32.4,7.0001
32.5,7.009
32.6,7.0179
32.7,7.0268
32.8,7.0357
32.9,7.0446
33,7.0536
33.1,7.0626
33.2,7.0717
33.3,7.0808
33.4,7.0899
33.5,7.099
33.6,7.1081
33.7,7.1173
33.8,7.1265
33.9,7.1357
34,7.145
34.1,7.1543
34.2,7.1637
34.3,7.173
34.4,7.1824
34.5,7.1918
34.6,7.2013
34.7,7.2108
34.8,7.2203
34.9,7.2298
35,7.2394
35.1,7.249
35.2,7.2587
35.3,7.2683
35.4,7.278
35.5,7.2878
35.6,7.2975
35.7,7.3073
35.8,7.3172
35.9,7.3271
36,7.337
36.1,7.3469
36.2,7.3569
36.3,7.3669
36.4,7.3769
36.5,7.387
36.6,7.3971
36.7,7.4073
36.8,7.4175
36.9,7.4277
37,7.4379
37.1,7.4482
37.2,7.4585
37.3,7.4688
37.4,7.4792
37.5,7.4896
37.6,7.5001
37.7,7.5106
37.8,7.5211
37.9,7.5316
38,7.5422
38.1,7.5528
38.2,7.5635
38.3,7.5742
38.4,7.5849
38.5,7.5957
38.6,7.6064
38.7,7.6173
38.8,7.6281
38.9,7.639
39,7.6499
39.1,7.6609
39.2,7.6719
39.3,7.6829
39.4,7.694
39.5,7.705
39.6,7.7161
39.7,7.7273
39.8,7.7384
39.9,7.7497
40,7.7609
40.1,7.7722
40.2,7.7835
40.3,7.7948
40.4,7.8062
40.5,7.8175
40.6,7.829
40.7,7.8404
40.8,7.8519
40.9,7.8634
41,7.875
41.1,7.8865
41.2,7.8981
41.3,7.9098
41.4,7.9214
41.5,7.9331
41.6,7.9448
41.7,7.9566
41.8,7.9683
41.9,7.9801
42,7.992
42.1,8.0038
42.2,8.0157
42.3,8.0276
42.4,8.0395
42.5,8.0515
42.6,8.0635
42.7,8.0755
42.8,8.0875
42.9,8.0996
43,8.1117
43.1,8.1238
43.2,8.1359
43.3,8.1481
43.4,8.1603
43.5,8.1725
43.6,8.1848
43.7,8.1971
43.8,8.2094
43.9,8.2217
44,8.2341
44.1,8.2464
44.2,8.2588
44.3,8.2712
44.4,8.2837
44.5,8.2962
44.6,8.3087
44.7,8.3212
44.8,8.3337
44.9,8.3463
45,8.3589
45.1,8.3715
45.2,8.3841
45.3,8.3968
45.4,8.4095
45.5,8.4223
45.6,8.435
45.7,8.4478
45.8,8.4606
45.9,8.4734
46,8.4862
46.1,8.4991
46.2,8.512
46.3,8.5249
46.4,8.5378
46.5,8.5508
46.6,8.5638
46.7,8.5768
46.8,8.5898
46.9,8.6029
47,8.616
47.1,8.6291
47.2,8.6422
47.3,8.6554
47.4,8.6686
47.5,8.6818
47.6,8.695
47.7,8.7083
47.8,8.7216
47.9,8.7349
48,8.7483
48.1,8.7616
48.2,8.775
48.3,8.7884
48.4,8.8019
48.5,8.8153
48.6,8.8288
48.7,8.8424
48.8,8.8559
48.9,8.8695
49,8.8831
49.1,8.8967
49.2,8.9104
49.3,8.924
49.4,8.9377
49.5,8.9515
49.6,8.9652
49.7,8.979
49.8,8.9928
49.9,9.0067
50,9.0205
50.1,9.0344
50.2,9.0483
50.3,9.0622
50.4,9.0762
50.5,9.0902
50.6,9.1042
50.7,9.1183
50.8,9.1323
50.9,9.1464
51,9.1605
51.1,9.1747
51.2,9.1888
51.3,9.203
51.4,9.2173
51.5,9.2315
51.6,9.2458
51.7,9.2601
51.8,9.2744
51.9,9.2888
52,9.3032
52.1,9.3176
52.2,9.332
52.3,9.3465
52.4,9.361
52.5,9.3755
52.6,9.39
52.7,9.4046
52.8,9.4192
52.9,9.4338
53,9.4485
53.1,9.4632
53.2,9.4779
53.3,9.4927
53.4,9.5074
53.5,9.5222
53.6,9.5371
53.7,9.5519
53.8,9.5668
53.9,9.5817
54,9.5967
54.1,9.6117
54.2,9.6267
54.3,9.6418
54.4,9.6569
54.5,9.6719
54.6,9.6871
54.7,9.7022
54.8,9.7175
54.9,9.7328
55,9.7481
55.1,9.7634
55.2,9.7788
55.3,9.7942
55.4,9.8096
55.5,9.825
55.6,9.8405
55.7,9.8561
55.8,9.8718
55.9,9.8874
56,9.9031
56.1,9.9188
56.2,9.9346
56.3,9.9504
56.4,9.9662
56.5,9.9821
56.6,9.9981
56.7,10.014
56.8,10.03
56.9,10.046
57,10.062
57.1,10.079
57.2,10.095
57.3,10.111
57.4,10.127
57.5,10.144
57.6,10.16
57.7,10.177
57.8,10.194
57.9,10.21
58,10.227
58.1,10.244
58.2,10.26
58.3,10.277
58.4,10.294
58.5,10.311
58.6,10.328
58.7,10.345
58.8,10.363
58.9,10.38
59,10.397
59.1,10.414
59.2,10.432
59.3,10.45
59.4,10.467
59.5,10.485
59.6,10.502
59.7,10.52
59.8,10.538
59.9,10.556
60,10.574
60.1,10.592
60.2,10.61
60.3,10.628
60.4,10.647
60.5,10.665
60.6,10.683
60.7,10.702
60.8,10.72
60.9,10.739
61,10.757
61.1,10.776
61.2,10.795
61.3,10.814
61.4,10.833
61.5,10.852
61.6,10.871
61.7,10.89
61.8,10.909
61.9,10.928
62,10.947
62.1,10.967
62.2,10.986
62.3,11.005
62.4,11.025
62.5,11.044
62.6,11.064
62.7,11.083
62.8,11.103
62.9,11.123
63,11.143
63.1,11.162
63.2,11.182
63.3,11.202
63.4,11.222
63.5,11.242
63.6,11.261
63.7,11.281
63.8,11.301
63.9,11.321
64,11.341
64.1,11.361
64.2,11.381
64.3,11.401
64.4,11.42
64.5,11.44
64.6,11.46
64.7,11.48
64.8,11.5
64.9,11.52
65,11.539
65.1,11.559
65.2,11.579
65.3,11.599
65.4,11.618
65.5,11.638
65.6,11.657
65.7,11.677
65.8,11.696
65.9,11.715
66,11.735
66.1,11.754
66.2,11.773
66.3,11.792
66.4,11.81
66.5,11.829
66.6,11.848
66.7,11.866
66.8,11.885
66.9,11.903
67,11.921
67.1,11.94
67.2,11.957
67.3,11.975
67.4,11.993
67.5,12.01
67.6,12.028
67.7,12.045
67.8,12.062
67.9,12.079
68,12.096
68.1,12.112
68.2,12.128
68.3,12.144
68.4,12.16
68.5,12.176
68.6,12.192
68.7,12.207
68.8,12.222
68.9,12.237
69,12.252
69.1,12.266
69.2,12.281
69.3,12.295
69.4,12.308
69.5,12.322
69.6,12.336
69.7,12.349
69.8,12.361
69.9,12.374
70,12.386
70.1,12.398
70.2,12.41
70.3,12.422
70.4,12.433
70.5,12.444
70.6,12.455
70.7,12.466
70.8,12.476
70.9,12.486
71,12.496
71.1,12.505
71.2,12.514
71.3,12.523
71.4,12.532
71.5,12.54
71.6,12.548
71.7,12.556
71.8,12.564
71.9,12.571
72,12.578
72.1,12.585
72.2,12.591
72.3,12.597
72.4,12.603
72.5,12.609
72.6,12.614
72.7,12.619
72.8,12.624
72.9,12.628
73,12.632
73.1,12.636
73.2,12.64
73.3,12.643
73.4,12.647
73.5,12.65
73.6,12.652
73.7,12.654
73.8,12.656
73.9,12.658
74,12.66
74.1,12.662
74.2,12.663
74.3,12.664
74.4,12.664
74.5,12.665
74.6,12.665
74.7,12.665
74.8,12.665
74.9,12.664
75,12.664
75.1,12.663
75.2,12.662
75.3,12.661
75.4,12.659
75.5,12.658
75.6,12.656
75.7,12.654
75.8,12.652
75.9,12.65
76,12.647
76.1,12.645
76.2,12.642
76.3,12.639
76.4,12.636
76.5,12.633
76.6,12.63
76.7,12.626
76.8,12.623
76.9,12.619
77,12.615
77.1,12.611
77.2,12.607
77.3,12.603
77.4,12.599
77.5,12.595
77.6,12.591
77.7,12.587
77.8,12.582
77.9,12.578
78,12.573
78.1,12.569
78.2,12.564
78.3,12.56
78.4,12.555
78.5,12.55
78.6,12.546
78.7,12.541
78.8,12.536
78.9,12.532
79,12.527
79.1,12.523
79.2,12.518
79.3,12.513
79.4,12.509
79.5,12.504
79.6,12.5
79.7,12.495
79.8,12.491
79.9,12.486
80,12.482
80.1,12.478
80.2,12.474
80.3,12.47
80.4,12.466
80.5,12.462
80.6,12.458
80.7,12.454
80.8,12.45
80.9,12.447
81,12.443
81.1,12.44
81.2,12.437
81.3,12.434
81.4,12.43
81.5,12.428
81.6,12.425
81.7,12.422
81.8,12.419
81.9,12.417
82,12.415
82.1,12.412
82.2,12.41
82.3,12.408
82.4,12.407
82.5,12.405
82.6,12.403
82.7,12.402
82.8,12.401
82.9,12.4
83,12.399
83.1,12.398
83.2,12.397
83.3,12.397
83.4,12.397
83.5,12.396
83.6,12.396
83.7,12.397
83.8,12.397
83.9,12.397
84,12.398
84.1,12.398
84.2,12.399
84.3,12.4
84.4,12.401
84.5,12.403
84.6,12.404
84.7,12.406
84.8,12.407
84.9,12.409
85,12.411
85.1,12.413
85.2,12.416
85.3,12.418
85.4,12.421
85.5,12.423
85.6,12.426
85.7,12.429
85.8,12.432
85.9,12.435
86,12.438
86.1,12.442
86.2,12.445
86.3,12.449
86.4,12.453
86.5,12.457
86.6,12.46
86.7,12.464
86.8,12.469
86.9,12.473
87,12.477
87.1,12.481
87.2,12.486
87.3,12.49
87.4,12.495
87.5,12.499
87.6,12.504
87.7,12.509
87.8,12.514
87.9,12.519
88,12.524
88.1,12.528
88.2,12.533
88.3,12.538
88.4,12.543
88.5,12.548
88.6,12.553
88.7,12.558
88.8,12.563
88.9,12.568
89,12.573
89.1,12.578
89.2,12.583
89.3,12.588
89.4,12.593
89.5,12.598
89.6,12.603
89.7,12.608
89.8,12.613
89.9,12.617
90,12.622
90.1,12.626
90.2,12.631
90.3,12.635
90.4,12.64
90.5,12.644
90.6,12.648
90.7,12.652
90.8,12.656
90.9,12.66
91,12.664
91.1,12.667
91.2,12.671
91.3,12.674
91.4,12.677
91.5,12.681
91.6,12.684
91.7,12.686
91.8,12.689
91.9,12.692
92,12.694
92.1,12.696
92.2,12.698
92.3,12.7
92.4,12.702
92.5,12.703
92.6,12.705
92.7,12.706
92.8,12.707
92.9,12.707
93,12.708
93.1,12.708
93.2,12.709
93.3,12.708
93.4,12.708
93.5,12.708
93.6,12.707
93.7,12.706
93.8,12.705
93.9,12.704
94,12.702
94.1,12.7
94.2,12.698
94.3,12.696
94.4,12.694
94.5,12.691
94.6,12.688
94.7,12.685
94.8,12.682
94.9,12.678
95,12.675
95.1,12.67
95.2,12.666
95.3,12.662
95.4,12.657
95.5,12.652
95.6,12.647
95.7,12.642
95.8,12.636
95.9,12.63
96,12.624
96.1,12.618
96.2,12.611
96.3,12.604
96.4,12.597
96.5,12.59
96.6,12.583
96.7,12.575
96.8,12.568
96.9,12.56
97,12.551
97.1,12.543
97.2,12.535
97.3,12.526
97.4,12.517
97.5,12.508
97.6,12.498
97.7,12.489
97.8,12.479
97.9,12.47
98,12.46
98.1,12.449
98.2,12.439
98.3,12.429
98.4,12.418
98.5,12.408
98.6,12.397
98.7,12.386
98.8,12.375
98.9,12.364
99,12.352
99.1,12.341
99.2,12.329
99.3,12.318
99.4,12.306
99.5,12.295
99.6,12.283
99.7,12.271
99.8,12.259
99.9,12.247
100,12.235
100.1,12.223
100.2,12.211
100.3,12.199
100.4,12.186
100.5,12.174
100.6,12.162
100.7,12.15
100.8,12.137
100.9,12.125
101,12.113
101.1,12.101
101.2,12.089
101.3,12.077
101.4,12.065
101.5,12.052
101.6,12.04
101.7,12.029
101.8,12.017
101.9,12.005
102,11.993
102.1,11.981
102.2,11.97
102.3,11.958
102.4,11.947
102.5,11.936
102.6,11.924
102.7,11.913
102.8,11.902
102.9,11.891
103,11.881
103.1,11.87
103.2,11.859
103.3,11.849
103.4,11.839
103.5,11.829
103.6,11.819
103.7,11.809
103.8,11.799
103.9,11.79
104,11.78
104.1,11.771
104.2,11.762
104.3,11.753
104.4,11.745
104.5,11.736
104.6,11.728
104.7,11.72
104.8,11.712
104.9,11.704
105,11.696
105.1,11.688
105.2,11.681
105.3,11.674
105.4,11.667
105.5,11.66
105.6,11.654
105.7,11.647
105.8,11.641
105.9,11.635
106,11.629
106.1,11.623
106.2,11.618
106.3,11.613
106.4,11.607
106.5,11.602
106.6,11.598
106.7,11.593
106.8,11.588
106.9,11.584
107,11.58
107.1,11.576
107.2,11.572
107.3,11.568
107.4,11.565
107.5,11.562
107.6,11.558
107.7,11.555
107.8,11.552
107.9,11.549
108,11.547
108.1,11.544
108.2,11.542
108.3,11.539
108.4,11.537
108.5,11.535
108.6,11.533
108.7,11.531
108.8,11.529
108.9,11.528
109,11.526
109.1,11.524
109.2,11.523
109.3,11.521
109.4,11.52
109.5,11.519
109.6,11.518
109.7,11.516
109.8,11.515
109.9,11.514
110,11.513
110.1,11.512
110.2,11.511
110.3,11.51
110.4,11.509
110.5,11.508
110.6,11.507
110.7,11.506
110.8,11.505
110.9,11.504
111,11.503
111.1,11.502
111.2,11.501
111.3,11.5
111.4,11.499
111.5,11.498
111.6,11.496
111.7,11.495
111.8,11.494
111.9,11.492
112,11.491
112.1,11.489
112.2,11.487
112.3,11.485
112.4,11.484
112.5,11.482
112.6,11.48
112.7,11.477
112.8,11.475
112.9,11.473
113,11.47
113.1,11.467
113.2,11.465
113.3,11.462
113.4,11.459
113.5,11.455
113.6,11.452
113.7,11.448
113.8,11.445
113.9,11.441
114,11.437
114.1,11.433
114.2,11.429
114.3,11.424
114.4,11.419
114.5,11.415
114.6,11.41
114.7,11.404
114.8,11.399
114.9,11.394
115,11.388
115.1,11.382
115.2,11.376
115.3,11.37
115.4,11.363
115.5,11.357
115.6,11.35
115.7,11.343
115.8,11.335
115.9,11.328
116,11.32
116.1,11.313
116.2,11.305
116.3,11.296
116.4,11.288
116.5,11.279
116.6,11.271
116.7,11.262
116.8,11.252
116.9,11.243
117,11.233
117.1,11.224
117.2,11.214
117.3,11.204
117.4,11.193
117.5,11.183
117.6,11.172
117.7,11.161
117.8,11.15
117.9,11.139
118,11.127
118.1,11.115
118.2,11.104
118.3,11.092
118.4,11.079
118.5,11.067
118.6,11.054
118.7,11.042
118.8,11.029
118.9,11.016
119,11.003
119.1,10.989
119.2,10.976
119.3,10.962
119.4,10.948
119.5,10.934
119.6,10.92
119.7,10.906
119.8,10.891
119.9,10.877
120,10.862
120.1,10.847
120.2,10.832
120.3,10.817
120.4,10.802
120.5,10.787
120.6,10.772
120.7,10.756
120.8,10.74
120.9,10.725
121,10.709
121.1,10.693
121.2,10.677
121.3,10.661
121.4,10.645
121.5,10.629
121.6,10.613
121.7,10.597
121.8,10.58
121.9,10.564
122,10.547
122.1,10.531
122.2,10.515
122.3,10.498
122.4,10.481
122.5,10.465
122.6,10.448
122.7,10.432
122.8,10.415
122.9,10.399
123,10.382
123.1,10.366
123.2,10.349
123.3,10.333
123.4,10.316
123.5,10.3
123.6,10.284
123.7,10.267
123.8,10.251
123.9,10.235
124,10.219
124.1,10.203
124.2,10.187
124.3,10.171
124.4,10.156
124.5,10.14
124.6,10.124
124.7,10.109
124.8,10.094
124.9,10.079
125,10.064
125.1,10.049
125.2,10.034
125.3,10.02
125.4,10.005
125.5,9.9909
125.6,9.9769
125.7,9.963
125.8,9.9493
125.9,9.9358
126,9.9225
126.1,9.9094
126.2,9.8966
126.3,9.8839
126.4,9.8715
126.5,9.8593
126.6,9.8473
126.7,9.8355
126.8,9.824
126.9,9.8128
127,9.8018
127.1,9.7911
127.2,9.7807
127.3,9.7705
127.4,9.7605
127.5,9.7509
127.6,9.7415
127.7,9.7325
127.8,9.7237
127.9,9.7153
128,9.7071
128.1,9.6992
128.2,9.6917
128.3,9.6844
128.4,9.6775
128.5,9.6709
128.6,9.6646
128.7,9.6587
128.8,9.6531
128.9,9.6478
129,9.6428
129.1,9.6382
129.2,9.634
129.3,9.63
129.4,9.6264
129.5,9.6232
129.6,9.6203
129.7,9.6177
129.8,9.6155
129.9,9.6137
130,9.6122
130.1,9.611
130.2,9.6102
130.3,9.6097
130.4,9.6096
130.5,9.6098
130.6,9.6104
130.7,9.6113
130.8,9.6126
130.9,9.6142
131,9.6161
131.1,9.6184
131.2,9.621
131.3,9.6239
131.4,9.6272
131.5,9.6308
131.6,9.6347
131.7,9.6389
131.8,9.6434
131.9,9.6483
132,9.6534
132.1,9.6588
132.2,9.6646
132.3,9.6706
132.4,9.6769
132.5,9.6835
132.6,9.6904
132.7,9.6975
132.8,9.7049
132.9,9.7125
133,9.7204
133.1,9.7285
133.2,9.7368
133.3,9.7454
133.4,9.7542
133.5,9.7632
133.6,9.7724
133.7,9.7818
133.8,9.7913
133.9,9.801
134,9.811
134.1,9.8211
134.2,9.8313
134.3,9.8417
134.4,9.8521
134.5,9.8627
134.6,9.8734
134.7,9.8842
134.8,9.8951
134.9,9.9062
135,9.9173
135.1,9.9284
135.2,9.9395
135.3,9.9507
135.4,9.9619
135.5,9.9732
135.6,9.9845
135.7,9.9958
135.8,10.007
135.9,10.018
136,10.03
136.1,10.041
136.2,10.052
136.3,10.063
136.4,10.074
136.5,10.085
136.6,10.095
136.7,10.106
136.8,10.117
136.9,10.127
137,10.138
137.1,10.148
137.2,10.158
137.3,10.168
137.4,10.177
137.5,10.187
137.6,10.196
137.7,10.205
137.8,10.214
137.9,10.223
138,10.231
138.1,10.239
138.2,10.247
138.3,10.255
138.4,10.262
138.5,10.269
138.6,10.276
138.7,10.282
138.8,10.289
138.9,10.295
139,10.3
139.1,10.305
139.2,10.31
139.3,10.315
139.4,10.319
139.5,10.323
139.6,10.327
139.7,10.33
139.8,10.333
139.9,10.335
140,10.337
140.1,10.339
140.2,10.34
140.3,10.341
140.4,10.342
140.5,10.342
140.6,10.341
140.7,10.341
140.8,10.339
140.9,10.338
141,10.336
141.1,10.334
141.2,10.331
141.3,10.328
141.4,10.324
141.5,10.32
141.6,10.315
141.7,10.311
141.8,10.305
141.9,10.3
142,10.294
142.1,10.287
142.2,10.28
142.3,10.273
142.4,10.265
142.5,10.256
142.6,10.248
142.7,10.239
142.8,10.229
142.9,10.219
143,10.209
143.1,10.198
143.2,10.187
143.3,10.176
143.4,10.164
143.5,10.152
143.6,10.139
143.7,10.126
143.8,10.113
143.9,10.099
144,10.085
144.1,10.07
144.2,10.055
144.3,10.04
144.4,10.025
144.5,10.009
144.6,9.9927
144.7,9.9762
144.8,9.9594
144.9,9.9422
145,9.9248
145.1,9.907
145.2,9.889
145.3,9.8708
145.4,9.8524
145.5,9.8336
145.6,9.8145
145.7,9.7951
145.8,9.7756
145.9,9.7557
146,9.7357
146.1,9.7156
146.2,9.6952
146.3,9.6746
146.4,9.6538
146.5,9.6328
146.6,9.6116
146.7,9.5902
146.8,9.5687
146.9,9.547
147,9.5253
147.1,9.5034
147.2,9.4814
147.3,9.4592
147.4,9.437
147.5,9.4146
147.6,9.3921
147.7,9.3696
147.8,9.347
147.9,9.3243
148,9.3016
148.1,9.2788
148.2,9.2561
148.3,9.2332
148.4,9.2103
148.5,9.1874
148.6,9.1644
148.7,9.1415
148.8,9.1186
148.9,9.0958
149,9.0729
149.1,9.0501
149.2,9.0273
149.3,9.0045
149.4,8.9817
149.5,8.959
149.6,8.9364
149.7,8.9139
149.8,8.8915
149.9,8.8692
150,8.8469
150.1,8.8247
150.2,8.8025
150.3,8.7805
150.4,8.7586
150.5,8.7368
150.6,8.7152
150.7,8.6937
150.8,8.6723
150.9,8.651
151,8.6298
151.1,8.6088
151.2,8.5878
151.3,8.5671
151.4,8.5465
151.5,8.5262
151.6,8.506
151.7,8.4859
151.8,8.4659
151.9,8.4461
152,8.4265
152.1,8.407
152.2,8.3878
152.3,8.3687
152.4,8.3499
152.5,8.3312
152.6,8.3127
152.7,8.2943
152.8,8.276
152.9,8.258
153,8.2402
153.1,8.2226
153.2,8.2052
153.3,8.1879
153.4,8.1708
153.5,8.1539
153.6,8.1372
153.7,8.1206
153.8,8.1043
153.9,8.0881
154,8.0722
154.1,8.0564
154.2,8.0408
154.3,8.0254
154.4,8.0101
154.5,7.995
154.6,7.9801
154.7,7.9653
154.8,7.9507
154.9,7.9364
155,7.9222
155.1,7.9081
155.2,7.8943
155.3,7.8805
155.4,7.8669
155.5,7.8534
155.6,7.8402
155.7,7.8271
155.8,7.8142
155.9,7.8014
156,7.7887
156.1,7.7761
156.2,7.7637
156.3,7.7514
156.4,7.7393
156.5,7.7273
156.6,7.7154
156.7,7.7037
156.8,7.6921
156.9,7.6806
157,7.6692
157.1,7.6579
157.2,7.6467
157.3,7.6355
157.4,7.6245
157.5,7.6137
157.6,7.6029
157.7,7.5922
157.8,7.5816
157.9,7.571
158,7.5605
158.1,7.5501
158.2,7.5398
158.3,7.5296
158.4,7.5194
158.5,7.5093
158.6,7.4993
158.7,7.4893
158.8,7.4793
158.9,7.4694
159,7.4595
159.1,7.4497
159.2,7.4399
159.3,7.4302
159.4,7.4205
159.5,7.4108
159.6,7.4012
159.7,7.3916
159.8,7.382
159.9,7.3724
160,7.3628
160.1,7.3533
160.2,7.3437
160.3,7.3342
160.4,7.3247
160.5,7.3151
160.6,7.3056
160.7,7.296
160.8,7.2865
160.9,7.277
161,7.2674
161.1,7.2579
161.2,7.2483
161.3,7.2387
161.4,7.2291
161.5,7.2194
161.6,7.2098
161.7,7.2001
161.8,7.1904
161.9,7.1807
162,7.171
162.1,7.1612
162.2,7.1513
162.3,7.1414
162.4,7.1315
162.5,7.1216
162.6,7.1116
162.7,7.1017
162.8,7.0916
162.9,7.0815
163,7.0714
163.1,7.0612
163.2,7.0509
163.3,7.0406
163.4,7.0303
163.5,7.0199
163.6,7.0095
163.7,6.9991
163.8,6.9886
163.9,6.978
164,6.9673
164.1,6.9566
164.2,6.9459
164.3,6.9351
164.4,6.9243
164.5,6.9134
164.6,6.9025
164.7,6.8915
164.8,6.8804
164.9,6.8693
165,6.8581
165.1,6.8469
165.2,6.8356
165.3,6.8243
165.4,6.8129
165.5,6.8015
165.6,6.79
165.7,6.7784
165.8,6.7668
165.9,6.7551
166,6.7434
166.1,6.7316
166.2,6.7198
166.3,6.708
166.4,6.6961
166.5,6.6841
166.6,6.6721
166.7,6.66
166.8,6.6479
166.9,6.6357
167,6.6235
167.1,6.6113
167.2,6.599
167.3,6.5867
167.4,6.5743
167.5,6.5618
167.6,6.5493
167.7,6.5368
167.8,6.5242
167.9,6.5116
168,6.499
168.1,6.4864
168.2,6.4737
168.3,6.461
168.4,6.4482
168.5,6.4353
168.6,6.4225
168.7,6.4096
168.8,6.3968
168.9,6.3839
169,6.371
169.1,6.358
169.2,6.345
169.3,6.332
169.4,6.3189
169.5,6.3059
169.6,6.2928
169.7,6.2798
169.8,6.2667
169.9,6.2536
170,6.2405
170.1,6.2274
170.2,6.2142
170.3,6.201
170.4,6.1879
170.5,6.1747
170.6,6.1616
170.7,6.1485
170.8,6.1354
170.9,6.1222
171,6.109
171.1,6.0959
171.2,6.0827
171.3,6.0696
171.4,6.0565
171.5,6.0434
171.6,6.0303
171.7,6.0173
171.8,6.0042
171.9,5.9911
172,5.9781
172.1,5.965
172.2,5.952
172.3,5.9391
172.4,5.9262
172.5,5.9133
172.6,5.9003
172.7,5.8875
172.8,5.8746
172.9,5.8617
173,5.8489
173.1,5.8362
173.2,5.8235
173.3,5.8108
173.4,5.7981
173.5,5.7855
173.6,5.7729
173.7,5.7603
173.8,5.7478
173.9,5.7353
174,5.7228
174.1,5.7105
174.2,5.6981
174.3,5.6858
174.4,5.6735
174.5,5.6613
174.6,5.649
174.7,5.6369
174.8,5.6247
174.9,5.6127
175,5.6007
175.1,5.5888
175.2,5.5768
175.3,5.565
175.4,5.5531
175.5,5.5413
175.6,5.5295
175.7,5.5178
175.8,5.5062
175.9,5.4947
176,5.4832
176.1,5.4717
176.2,5.4602
176.3,5.4488
176.4,5.4374
176.5,5.4262
176.6,5.4149
176.7,5.4038
176.8,5.3926
176.9,5.3816
177,5.3705
177.1,5.3595
177.2,5.3485
177.3,5.3376
177.4,5.3268
177.5,5.316
177.6,5.3053
177.7,5.2946
177.8,5.284
177.9,5.2734
178,5.2628
178.1,5.2523
178.2,5.2418
178.3,5.2314
178.4,5.221
178.5,5.2107
178.6,5.2005
178.7,5.1903
178.8,5.1801
178.9,5.1699
179,5.1598
179.1,5.1497
179.2,5.1397
179.3,5.1298
179.4,5.1199
179.5,5.11
179.6,5.1001
179.7,5.0903
179.8,5.0805
179.9,5.0707
180,5.061
180.1,5.0514
180.2,5.0418
180.3,5.0322
180.4,5.0227
180.5,5.0131
180.6,5.0036
180.7,4.9941
180.8,4.9847
180.9,4.9753
181,4.966
181.1,4.9567
181.2,4.9474
181.3,4.9381
181.4,4.9288
181.5,4.9196
181.6,4.9104
181.7,4.9012
181.8,4.8921
181.9,4.883
182,4.8739
182.1,4.8649
182.2,4.8558
182.3,4.8468
182.4,4.8378
182.5,4.8288
182.6,4.8198
182.7,4.8109
182.8,4.802
182.9,4.7931
183,4.7842
183.1,4.7754
183.2,4.7665
183.3,4.7576
183.4,4.7488
183.5,4.74
183.6,4.7313
183.7,4.7225
183.8,4.7138
183.9,4.7051
184,4.6963
184.1,4.6876
184.2,4.6789
184.3,4.6702
184.4,4.6615
184.5,4.6529
184.6,4.6443
184.7,4.6357
184.8,4.627
184.9,4.6184
185,4.6098
185.1,4.6012
185.2,4.5926
185.3,4.584
185.4,4.5755
185.5,4.5669
185.6,4.5584
185.7,4.5499
185.8,4.5414
185.9,4.5329
186,4.5243
186.1,4.5158
186.2,4.5074
186.3,4.4989
186.4,4.4904
186.5,4.482
186.6,4.4736
186.7,4.4651
186.8,4.4566
186.9,4.4482
187,4.4398
187.1,4.4314
187.2,4.423
187.3,4.4146
187.4,4.4062
187.5,4.3978
187.6,4.3895
187.7,4.3811
187.8,4.3727
187.9,4.3644
188,4.356
188.1,4.3477
188.2,4.3394
188.3,4.3312
188.4,4.3229
188.5,4.3146
188.6,4.3063
188.7,4.298
188.8,4.2897
188.9,4.2815
189,4.2733
189.1,4.2651
189.2,4.2569
189.3,4.2487
189.4,4.2405
189.5,4.2322
189.6,4.224
189.7,4.2159
189.8,4.2078
189.9,4.1997
190,4.1916
190.1,4.1835
190.2,4.1754
190.3,4.1673
190.4,4.1593
190.5,4.1512
190.6,4.1433
190.7,4.1353
190.8,4.1274
190.9,4.1194
191,4.1115
191.1,4.1035
191.2,4.0956
191.3,4.0877
191.4,4.0799
191.5,4.072
191.6,4.0643
191.7,4.0565
191.8,4.0487
191.9,4.0409
192,4.0332
192.1,4.0254
192.2,4.0178
192.3,4.0101
192.4,4.0025
192.5,3.9949
192.6,3.9874
192.7,3.9798
192.8,3.9723
192.9,3.9647
193,3.9573
193.1,3.9499
193.2,3.9425
193.3,3.9351
193.4,3.9278
193.5,3.9204
193.6,3.9131
193.7,3.9058
193.8,3.8986
193.9,3.8914
194,3.8842
194.1,3.8771
194.2,3.87
194.3,3.863
194.4,3.8559
194.5,3.8489
194.6,3.8418
194.7,3.8349
194.8,3.828
194.9,3.8212
195,3.8144
195.1,3.8076
195.2,3.8008
195.3,3.794
195.4,3.7873
195.5,3.7807
195.6,3.7741
195.7,3.7675
195.8,3.7609
195.9,3.7544
196,3.748
196.1,3.7416
196.2,3.7352
196.3,3.7288
196.4,3.7225
196.5,3.7162
196.6,3.7099
196.7,3.7037
196.8,3.6976
196.9,3.6915
197,3.6854
197.1,3.6794
197.2,3.6733
197.3,3.6673
197.4,3.6613
197.5,3.6554
197.6,3.6497
197.7,3.6439
197.8,3.6382
197.9,3.6324
198,3.6267
198.1,3.621
198.2,3.6153
198.3,3.6097
198.4,3.6042
198.5,3.5988
198.6,3.5934
198.7,3.588
198.8,3.5826
198.9,3.5771
199,3.5717
199.1,3.5665
199.2,3.5613
199.3,3.5561
199.4,3.5509
199.5,3.5459
199.6,3.5408
199.7,3.5357
199.8,3.5306
199.9,3.5256
200,3.5207
200.1,3.5159
200.2,3.5111
200.3,3.5063
200.4,3.5015
200.5,3.4968
200.6,3.492
200.7,3.4873
200.8,3.4826
200.9,3.4781
201,3.4736
201.1,3.4691
201.2,3.4647
201.3,3.4602
201.4,3.4557
201.5,3.4513
201.6,3.4469
201.7,3.4426
201.8,3.4384
201.9,3.4342
202,3.4301
202.1,3.4259
202.2,3.4218
202.3,3.4176
202.4,3.4136
202.5,3.4096
202.6,3.4056
202.7,3.4017
202.8,3.3978
202.9,3.394
203,3.3902
203.1,3.3863
203.2,3.3825
203.3,3.3788
203.4,3.3751
203.5,3.3715
203.6,3.3679
203.7,3.3643
203.8,3.3607
203.9,3.3572
204,3.3537
204.1,3.3503
204.2,3.3469
204.3,3.3435
204.4,3.3402
204.5,3.3369
204.6,3.3336
204.7,3.3304
204.8,3.3272
204.9,3.3242
205,3.321
205.1,3.3179
205.2,3.3148
205.3,3.3118
205.4,3.3089
205.5,3.306
205.6,3.3031
205.7,3.3002
205.8,3.2973
205.9,3.2945
206,3.2917
206.1,3.289
206.2,3.2862
206.3,3.2836
206.4,3.281
206.5,3.2784
206.6,3.2759
206.7,3.2733
206.8,3.2708
206.9,3.2683
207,3.2659
207.1,3.2635
207.2,3.2612
207.3,3.2589
207.4,3.2567
207.5,3.2544
207.6,3.2521
207.7,3.2498
207.8,3.2476
207.9,3.2454
208,3.2434
208.1,3.2414
208.2,3.2394
208.3,3.2373
208.4,3.2353
208.5,3.2332
208.6,3.2312
208.7,3.2293
208.8,3.2275
208.9,3.2257
209,3.2239
209.1,3.2221
209.2,3.2203
209.3,3.2185
209.4,3.2167
209.5,3.215
209.6,3.2134
209.7,3.2118
209.8,3.2102
209.9,3.2086
210,3.2071
210.1,3.2055
210.2,3.2039
210.3,3.2023
210.4,3.2008
210.5,3.1994
210.6,3.198
210.7,3.1966
210.8,3.1951
210.9,3.1937
211,3.1922
211.1,3.1908
211.2,3.1895
211.3,3.1882
211.4,3.1869
211.5,3.1857
211.6,3.1844
211.7,3.1831
211.8,3.1818
211.9,3.1805
212,3.1793
212.1,3.1781
212.2,3.1769
212.3,3.1757
212.4,3.1746
212.5,3.1734
212.6,3.1722
212.7,3.1709
212.8,3.1698
212.9,3.1686
213,3.1675
213.1,3.1664
213.2,3.1652
213.3,3.1641
213.4,3.163
213.5,3.1618
213.6,3.1607
213.7,3.1596
213.8,3.1585
213.9,3.1575
214,3.1564
214.1,3.1553
214.2,3.1542
214.3,3.1531
214.4,3.152
214.5,3.151
214.6,3.1499
214.7,3.1488
214.8,3.1477
214.9,3.1466
215,3.1455
215.1,3.1444
215.2,3.1433
215.3,3.1422
215.4,3.1411
215.5,3.14
215.6,3.1389
215.7,3.1378
215.8,3.1367
215.9,3.1356
216,3.1345
216.1,3.1334
216.2,3.1323
216.3,3.1312
216.4,3.13
216.5,3.1289
216.6,3.1278
216.7,3.1267
216.8,3.1256
216.9,3.1245
217,3.1233
217.1,3.1222
217.2,3.121
217.3,3.1198
217.4,3.1187
217.5,3.1175
217.6,3.1164
217.7,3.1152
217.8,3.1141
217.9,3.1129
218,3.1116
218.1,3.1104
218.2,3.1093
218.3,3.1081
218.4,3.107
218.5,3.1058
218.6,3.1047
218.7,3.1035
218.8,3.1023
218.9,3.1011
219,3.0999
219.1,3.0987
219.2,3.0976
219.3,3.0964
219.4,3.0953
219.5,3.094
219.6,3.0928
219.7,3.0916
219.8,3.0904
219.9,3.0893
220,3.0881
220.1,3.087
220.2,3.0858
220.3,3.0846
220.4,3.0834
220.5,3.0822
220.6,3.081
220.7,3.0799
220.8,3.0788
220.9,3.0777
221,3.0766
221.1,3.0754
221.2,3.0743
221.3,3.0731
221.4,3.072
221.5,3.0709
221.6,3.0698
221.7,3.0687
221.8,3.0677
221.9,3.0666
222,3.0654
222.1,3.0643
222.2,3.0632
222.3,3.0622
222.4,3.0611
222.5,3.0601
222.6,3.059
222.7,3.058
222.8,3.0569
222.9,3.0559
223,3.0549
223.1,3.0539
223.2,3.0529
223.3,3.052
223.4,3.051
223.5,3.05
223.6,3.049
223.7,3.0481
223.8,3.0471
223.9,3.0462
224,3.0453
224.1,3.0444
224.2,3.0435
224.3,3.0425
224.4,3.0416
224.5,3.0407
224.6,3.0398
224.7,3.039
224.8,3.0381
224.9,3.0372
225,3.0364
225.1,3.0355
225.2,3.0347
225.3,3.0338
225.4,3.033
225.5,3.0322
225.6,3.0315
225.7,3.0307
225.8,3.0299
225.9,3.0291
226,3.0284
226.1,3.0276
226.2,3.0269
226.3,3.0261
226.4,3.0254
226.5,3.0247
226.6,3.0239
226.7,3.0232
226.8,3.0225
226.9,3.0218
227,3.0211
227.1,3.0204
227.2,3.0197
227.3,3.019
227.4,3.0183
227.5,3.0177
227.6,3.017
227.7,3.0163
227.8,3.0157
227.9,3.0151
228,3.0145
228.1,3.0139
228.2,3.0132
228.3,3.0126
228.4,3.012
228.5,3.0114
228.6,3.0108
228.7,3.0102
228.8,3.0096
228.9,3.009
229,3.0085
229.1,3.0079
229.2,3.0073
229.3,3.0067
229.4,3.0061
229.5,3.0056
229.6,3.005
229.7,3.0045
229.8,3.0039
229.9,3.0034
230,3.0028
230.1,3.0023
230.2,3.0018
230.3,3.0013
230.4,3.0008
230.5,3.0003
230.6,2.9998
230.7,2.9993
230.8,2.9988
230.9,2.9983
231,2.9978
231.1,2.9974
231.2,2.9969
231.3,2.9964
231.4,2.9959
231.5,2.9955
231.6,2.995
231.7,2.9945
231.8,2.9941
231.9,2.9936
232,2.9932
232.1,2.9927
232.2,2.9923
232.3,2.9919
232.4,2.9915
232.5,2.9911
232.6,2.9907
232.7,2.9903
232.8,2.9899
232.9,2.9895
233,2.9891
233.1,2.9887
233.2,2.9884
233.3,2.988
233.4,2.9877
233.5,2.9873
233.6,2.9869
233.7,2.9866
233.8,2.9862
233.9,2.9859
234,2.9855
234.1,2.9852
234.2,2.9849
234.3,2.9846
234.4,2.9843
234.5,2.984
234.6,2.9837
234.7,2.9834
234.8,2.9832
234.9,2.9829
235,2.9827
235.1,2.9824
235.2,2.9822
235.3,2.982
235.4,2.9818
235.5,2.9816
235.6,2.9813
235.7,2.9812
235.8,2.981
235.9,2.9808
236,2.9806
236.1,2.9805
236.2,2.9803
236.3,2.9801
236.4,2.98
236.5,2.9798
236.6,2.9797
236.7,2.9796
236.8,2.9795
236.9,2.9794
237,2.9793
237.1,2.9792
237.2,2.9791
237.3,2.9791
237.4,2.979
237.5,2.979
237.6,2.979
237.7,2.979
237.8,2.9789
237.9,2.9789
238,2.9789
238.1,2.9789
238.2,2.9789
238.3,2.9789
238.4,2.979
238.5,2.979
238.6,2.979
238.7,2.9791
238.8,2.9792
238.9,2.9792
239,2.9793
239.1,2.9794
239.2,2.9794
239.3,2.9796
239.4,2.9797
239.5,2.9798
239.6,2.9799
239.7,2.9801
239.8,2.9802
239.9,2.9804
240,2.9805
240.1,2.9807
240.2,2.9809
240.3,2.981
240.4,2.9812
240.5,2.9814
240.6,2.9816
240.7,2.9818
240.8,2.982
240.9,2.9822
241,2.9824
241.1,2.9826
241.2,2.9828
241.3,2.9831
241.4,2.9833
241.5,2.9835
241.6,2.9838
241.7,2.984
241.8,2.9843
241.9,2.9845
242,2.9848
242.1,2.9851
242.2,2.9854
242.3,2.9857
242.4,2.9859
242.5,2.9862
242.6,2.9865
242.7,2.9868
242.8,2.9871
242.9,2.9874
243,2.9877
243.1,2.988
243.2,2.9882
243.3,2.9885
243.4,2.9888
243.5,2.9891
243.6,2.9894
243.7,2.9897
243.8,2.9901
243.9,2.9904
244,2.9907
244.1,2.991
244.2,2.9913
244.3,2.9916
244.4,2.9919
244.5,2.9923
244.6,2.9926
244.7,2.9929
244.8,2.9933
244.9,2.9936
245,2.9939
245.1,2.9942
245.2,2.9945
245.3,2.9948
245.4,2.9951
245.5,2.9955
245.6,2.9958
245.7,2.9961
245.8,2.9964
245.9,2.9967
246,2.997
246.1,2.9973
246.2,2.9976
246.3,2.998
246.4,2.9983
246.5,2.9986
246.6,2.9989
246.7,2.9992
246.8,2.9995
246.9,2.9998
247,3.0002
247.1,3.0005
247.2,3.0008
247.3,3.0012
247.4,3.0015
247.5,3.0018
247.6,3.0021
247.7,3.0023
247.8,3.0026
247.9,3.003
248,3.0033
248.1,3.0036
248.2,3.0039
248.3,3.0042
248.4,3.0045
248.5,3.0048
248.6,3.0051
248.7,3.0054
248.8,3.0057
248.9,3.0061
249,3.0064
249.1,3.0067
249.2,3.007
249.3,3.0073
249.4,3.0076
249.5,3.008
249.6,3.0083
249.7,3.0086
249.8,3.009
249.9,3.0093
250,3.0096
250.1,3.0099
250.2,3.0102
250.3,3.0106
250.4,3.0109
250.5,3.0112
250.6,3.0116
250.7,3.0119
250.8,3.0123
250.9,3.0126
251,3.013
251.1,3.0133
251.2,3.0137
251.3,3.014
251.4,3.0144
251.5,3.0148
251.6,3.0152
251.7,3.0156
251.8,3.016
251.9,3.0163
252,3.0167
252.1,3.0171
252.2,3.0175
252.3,3.0179
252.4,3.0183
252.5,3.0188
252.6,3.0192
252.7,3.0196
252.8,3.02
252.9,3.0204
253,3.0209
253.1,3.0213
253.2,3.0218
253.3,3.0222
253.4,3.0227
253.5,3.0232
253.6,3.0236
253.7,3.0241
253.8,3.0246
253.9,3.025
254,3.0255
254.1,3.0261
254.2,3.0266
254.3,3.0271
254.4,3.0276
254.5,3.0281
254.6,3.0286
254.7,3.0292
254.8,3.0297
254.9,3.0303
255,3.0309
255.1,3.0314
255.2,3.032
255.3,3.0325
255.4,3.0331
255.5,3.0336
255.6,3.0342
255.7,3.0348
255.8,3.0355
255.9,3.0361
256,3.0367
256.1,3.0373
256.2,3.0379
256.3,3.0385
256.4,3.0391
256.5,3.0398
256.6,3.0404
256.7,3.0411
256.8,3.0417
256.9,3.0424
257,3.043
257.1,3.0437
257.2,3.0443
257.3,3.045
257.4,3.0457
257.5,3.0464
257.6,3.0471
257.7,3.0477
257.8,3.0484
257.9,3.0491
258,3.0497
258.1,3.0504
258.2,3.0511
258.3,3.0518
258.4,3.0526
258.5,3.0533
258.6,3.054
258.7,3.0547
258.8,3.0554
258.9,3.0561
259,3.0568
259.1,3.0575
259.2,3.0582
259.3,3.059
259.4,3.0597
259.5,3.0604
259.6,3.0611
259.7,3.0618
259.8,3.0625
259.9,3.0633
260,3.064
260.1,3.0647
260.2,3.0654
260.3,3.0662
260.4,3.0669
260.5,3.0676
260.6,3.0683
260.7,3.069
260.8,3.0698
260.9,3.0705
261,3.0712
261.1,3.0719
261.2,3.0726
261.3,3.0733
261.4,3.0741
261.5,3.0748
261.6,3.0755
261.7,3.0762
261.8,3.0769
261.9,3.0776
262,3.0783
262.1,3.0791
262.2,3.0798
262.3,3.0805
262.4,3.0811
262.5,3.0818
262.6,3.0825
262.7,3.0832
262.8,3.084
262.9,3.0847
263,3.0853
263.1,3.086
263.2,3.0867
263.3,3.0874
263.4,3.0881
263.5,3.0888
263.6,3.0895
263.7,3.0902
263.8,3.0909
263.9,3.0916
264,3.0922
264.1,3.0929
264.2,3.0936
264.3,3.0943
264.4,3.095
264.5,3.0957
264.6,3.0964
264.7,3.0971
264.8,3.0977
264.9,3.0984
265,3.0991
265.1,3.0998
265.2,3.1005
265.3,3.1012
265.4,3.1019
265.5,3.1026
265.6,3.1032
265.7,3.1039
265.8,3.1046
265.9,3.1053
266,3.1061
266.1,3.1068
266.2,3.1075
266.3,3.1082
266.4,3.1089
266.5,3.1096
266.6,3.1103
266.7,3.1111
266.8,3.1118
266.9,3.1126
267,3.1133
267.1,3.1141
267.2,3.1148
267.3,3.1155
267.4,3.1162
267.5,3.117
267.6,3.1178
267.7,3.1186
267.8,3.1193
267.9,3.1201
268,3.1209
268.1,3.1217
268.2,3.1224
268.3,3.1232
268.4,3.1241
268.5,3.1249
268.6,3.1258
268.7,3.1266
268.8,3.1274
268.9,3.1283
269,3.1291
269.1,3.1299
269.2,3.1308
269.3,3.1317
269.4,3.1326
269.5,3.1335
269.6,3.1344
269.7,3.1352
269.8,3.1361
269.9,3.137
270,3.1379
270.1,3.1388
270.2,3.1398
270.3,3.1407
270.4,3.1417
270.5,3.1426
270.6,3.1436
270.7,3.1445
270.8,3.1455
270.9,3.1465
271,3.1475
271.1,3.1485
271.2,3.1495
271.3,3.1505
271.4,3.1515
271.5,3.1525
271.6,3.1535
271.7,3.1545
271.8,3.1555
271.9,3.1565
272,3.1576
272.1,3.1586
272.2,3.1596
272.3,3.1607
272.4,3.1617
272.5,3.1628
272.6,3.1638
272.7,3.1648
272.8,3.1659
272.9,3.167
273,3.168
273.1,3.1691
273.2,3.1702
273.3,3.1712
273.4,3.1723
273.5,3.1734
273.6,3.1744
273.7,3.1755
273.8,3.1765
273.9,3.1776
274,3.1787
274.1,3.1797
274.2,3.1808
274.3,3.1818
274.4,3.1828
274.5,3.1838
274.6,3.1849
274.7,3.1859
274.8,3.1869
274.9,3.188
275,3.189
275.1,3.1899
275.2,3.1909
275.3,3.1919
275.4,3.1929
275.5,3.1939
275.6,3.1949
275.7,3.1959
275.8,3.1969
275.9,3.1978
276,3.1988
276.1,3.1997
276.2,3.2006
276.3,3.2016
276.4,3.2025
276.5,3.2034
276.6,3.2043
276.7,3.2051
276.8,3.2059
276.9,3.2068
277,3.2076
277.1,3.2084
277.2,3.2093
277.3,3.2101
277.4,3.2109
277.5,3.2116
277.6,3.2124
277.7,3.2132
277.8,3.2139
277.9,3.2147
278,3.2154
278.1,3.2162
278.2,3.2169
278.3,3.2176
278.4,3.2182
278.5,3.2189
278.6,3.2195
278.7,3.2202
278.8,3.2208
278.9,3.2214
279,3.222
279.1,3.2226
279.2,3.2232
279.3,3.2237
279.4,3.2242
279.5,3.2248
279.6,3.2253
279.7,3.2258
279.8,3.2264
279.9,3.2269
280,3.2273
280.1,3.2278
280.2,3.2283
280.3,3.2288
280.4,3.2292
280.5,3.2297
280.6,3.2301
280.7,3.2306
280.8,3.231
280.9,3.2314
281,3.2318
281.1,3.2322
281.2,3.2326
281.3,3.233
281.4,3.2334
281.5,3.2337
281.6,3.2341
281.7,3.2345
281.8,3.2348
281.9,3.2352
282,3.2355
282.1,3.2359
282.2,3.2362
282.3,3.2366
282.4,3.2369
282.5,3.2373
282.6,3.2377
282.7,3.238
282.8,3.2384
282.9,3.2387
283,3.2391
283.1,3.2394
283.2,3.2398
283.3,3.2402
283.4,3.2406
283.5,3.2409
283.6,3.2413
283.7,3.2416
283.8,3.242
283.9,3.2424
284,3.2428
284.1,3.2432
284.2,3.2436
284.3,3.244
284.4,3.2444
284.5,3.2448
284.6,3.2453
284.7,3.2457
284.8,3.2462
284.9,3.2467
285,3.2472
285.1,3.2477
285.2,3.2482
285.3,3.2487
285.4,3.2493
285.5,3.2498
285.6,3.2503
285.7,3.2509
285.8,3.2515
285.9,3.2521
286,3.2527
286.1,3.2533
286.2,3.2539
286.3,3.2545
286.4,3.2552
286.5,3.2559
286.6,3.2566
286.7,3.2573
286.8,3.258
286.9,3.2587
287,3.2595
287.1,3.2603
287.2,3.2611
287.3,3.2619
287.4,3.2627
287.5,3.2636
287.6,3.2644
287.7,3.2653
287.8,3.2662
287.9,3.2671
288,3.268
288.1,3.2689
288.2,3.2699
288.3,3.2708
288.4,3.2718
288.5,3.2728
288.6,3.2738
288.7,3.2748
288.8,3.2759
288.9,3.2769
289,3.278
289.1,3.2791
289.2,3.2802
289.3,3.2814
289.4,3.2825
289.5,3.2837
289.6,3.2849
289.7,3.2861
289.8,3.2873
289.9,3.2885
290,3.2898
290.1,3.291
290.2,3.2923
290.3,3.2936
290.4,3.2949
290.5,3.2962
290.6,3.2975
290.7,3.2988
290.8,3.3002
290.9,3.3015
291,3.3029
291.1,3.3043
291.2,3.3057
291.3,3.3071
291.4,3.3085
291.5,3.3099
291.6,3.3114
291.7,3.3128
291.8,3.3143
291.9,3.3158
292,3.3173
292.1,3.3189
292.2,3.3204
292.3,3.3219
292.4,3.3234
292.5,3.325
292.6,3.3265
292.7,3.3281
292.8,3.3296
292.9,3.3312
293,3.3328
293.1,3.3343
293.2,3.3359
293.3,3.3375
293.4,3.339
293.5,3.3406
293.6,3.3422
293.7,3.3439
293.8,3.3455
293.9,3.3471
294,3.3488
294.1,3.3504
294.2,3.352
294.3,3.3537
294.4,3.3553
294.5,3.357
294.6,3.3587
294.7,3.3603
294.8,3.362
294.9,3.3636
295,3.3653
295.1,3.3669
295.2,3.3686
295.3,3.3702
295.4,3.3719
295.5,3.3735
295.6,3.3752
295.7,3.3768
295.8,3.3784
295.9,3.3801
296,3.3817
296.1,3.3834
296.2,3.385
296.3,3.3867
296.4,3.3883
296.5,3.39
296.6,3.3916
296.7,3.3933
296.8,3.3949
296.9,3.3965
297,3.3982
297.1,3.3998
297.2,3.4014
297.3,3.403
297.4,3.4046
297.5,3.4062
297.6,3.4078
297.7,3.4093
297.8,3.4109
297.9,3.4125
298,3.414
298.1,3.4156
298.2,3.4171
298.3,3.4187
298.4,3.4202
298.5,3.4217
298.6,3.4233
298.7,3.4248
298.8,3.4263
298.9,3.4278
299,3.4293
299.1,3.4309
299.2,3.4323
299.3,3.4338
299.4,3.4353
299.5,3.4367
299.6,3.4382
299.7,3.4396
299.8,3.4411
299.9,3.4425
300,3.4439
300.1,3.4453
300.2,3.4467
300.3,3.4481
300.4,3.4494
300.5,3.4508
300.6,3.4521
300.7,3.4535
300.8,3.4548
300.9,3.4562
301,3.4575
301.1,3.4588
301.2,3.4602
301.3,3.4615
301.4,3.4628
301.5,3.4641
301.6,3.4653
301.7,3.4666
301.8,3.4679
301.9,3.4691
302,3.4704
302.1,3.4716
302.2,3.4728
302.3,3.474
302.4,3.4752
302.5,3.4764
302.6,3.4776
302.7,3.4787
302.8,3.4799
302.9,3.4811
303,3.4822
303.1,3.4834
303.2,3.4845
303.3,3.4857
303.4,3.4868
303.5,3.4879
303.6,3.489
303.7,3.4902
303.8,3.4913
303.9,3.4924
304,3.4935
304.1,3.4946
304.2,3.4957
304.3,3.4967
304.4,3.4978
304.5,3.4988
304.6,3.4999
304.7,3.5009
304.8,3.502
304.9,3.503
305,3.504
305.1,3.5051
305.2,3.5061
305.3,3.5071
305.4,3.5081
305.5,3.5092
305.6,3.5102
305.7,3.5112
305.8,3.5122
305.9,3.5132
306,3.5143
306.1,3.5153
306.2,3.5163
306.3,3.5173
306.4,3.5183
306.5,3.5193
306.6,3.5204
306.7,3.5214
306.8,3.5224
306.9,3.5234
307,3.5244
307.1,3.5254
307.2,3.5264
307.3,3.5274
307.4,3.5284
307.5,3.5294
307.6,3.5304
307.7,3.5314
307.8,3.5324
307.9,3.5335
308,3.5345
308.1,3.5356
308.2,3.5366
308.3,3.5377
308.4,3.5387
308.5,3.5398
308.6,3.5408
308.7,3.5419
308.8,3.543
308.9,3.544
309,3.5451
309.1,3.5462
309.2,3.5473
309.3,3.5483
309.4,3.5494
309.5,3.5505
309.6,3.5516
309.7,3.5527
309.8,3.5539
309.9,3.555
310,3.5561
310.1,3.5572
310.2,3.5584
310.3,3.5596
310.4,3.5607
310.5,3.5619
310.6,3.5631
310.7,3.5643
310.8,3.5655
310.9,3.5667
311,3.5679
311.1,3.5691
311.2,3.5704
311.3,3.5716
311.4,3.5728
311.5,3.5741
311.6,3.5753
311.7,3.5765
311.8,3.5778
311.9,3.5791
312,3.5804
312.1,3.5817
312.2,3.583
312.3,3.5843
312.4,3.5856
312.5,3.5869
312.6,3.5882
312.7,3.5896
312.8,3.591
312.9,3.5923
313,3.5937
313.1,3.5951
313.2,3.5965
313.3,3.5979
313.4,3.5993
313.5,3.6007
313.6,3.6021
313.7,3.6035
313.8,3.6049
313.9,3.6064
314,3.6078
314.1,3.6093
314.2,3.6107
314.3,3.6122
314.4,3.6136
314.5,3.6151
314.6,3.6166
314.7,3.6181
314.8,3.6196
314.9,3.6211
315,3.6226
315.1,3.6241
315.2,3.6257
315.3,3.6272
315.4,3.6287
315.5,3.6303
315.6,3.6318
315.7,3.6334
315.8,3.6349
315.9,3.6365
316,3.6381
316.1,3.6396
316.2,3.6412
316.3,3.6428
316.4,3.6443
316.5,3.6459
316.6,3.6475
316.7,3.6491
316.8,3.6507
316.9,3.6523
317,3.6539
317.1,3.6555
317.2,3.6572
317.3,3.6588
317.4,3.6604
317.5,3.6621
317.6,3.6637
317.7,3.6653
317.8,3.667
317.9,3.6686
318,3.6703
318.1,3.6719
318.2,3.6736
318.3,3.6752
318.4,3.6769
318.5,3.6785
318.6,3.6802
318.7,3.6818
318.8,3.6835
318.9,3.6852
319,3.6868
319.1,3.6885
319.2,3.6902
319.3,3.6919
319.4,3.6935
319.5,3.6952
319.6,3.6969
319.7,3.6986
319.8,3.7003
319.9,3.702
320,3.7037
320.1,3.7054
320.2,3.7071
320.3,3.7088
320.4,3.7105
320.5,3.7122
320.6,3.7139
320.7,3.7156
320.8,3.7173
320.9,3.719
321,3.7207
321.1,3.7224
321.2,3.7241
321.3,3.7258
321.4,3.7275
321.5,3.7292
321.6,3.731
321.7,3.7327
321.8,3.7344
321.9,3.7361
322,3.7378
322.1,3.7395
322.2,3.7413
322.3,3.743
322.4,3.7448
322.5,3.7465
322.6,3.7482
322.7,3.75
322.8,3.7517
322.9,3.7534
323,3.7551
323.1,3.7569
323.2,3.7586
323.3,3.7604
323.4,3.7621
323.5,3.7638
323.6,3.7656
323.7,3.7673
323.8,3.7691
323.9,3.7708
324,3.7726
324.1,3.7743
324.2,3.7761
324.3,3.7779
324.4,3.7796
324.5,3.7814
324.6,3.7832
324.7,3.785
324.8,3.7867
324.9,3.7885
325,3.7902
325.1,3.792
325.2,3.7938
325.3,3.7956
325.4,3.7974
325.5,3.7992
325.6,3.8009
325.7,3.8027
325.8,3.8045
325.9,3.8063
326,3.8081
326.1,3.8099
326.2,3.8117
326.3,3.8135
326.4,3.8153
326.5,3.8171
326.6,3.8189
326.7,3.8207
326.8,3.8225
326.9,3.8243
327,3.8261
327.1,3.8279
327.2,3.8297
327.3,3.8315
327.4,3.8333
327.5,3.8351
327.6,3.8369
327.7,3.8387
327.8,3.8405
327.9,3.8423
328,3.8441
328.1,3.846
328.2,3.8478
328.3,3.8496
328.4,3.8514
328.5,3.8532
328.6,3.855
328.7,3.8568
328.8,3.8586
328.9,3.8604
329,3.8623
329.1,3.8641
329.2,3.8659
329.3,3.8677
329.4,3.8695
329.5,3.8713
329.6,3.873
329.7,3.8749
329.8,3.8767
329.9,3.8785
330,3.8803
330.1,3.8821
330.2,3.8839
330.3,3.8857
330.4,3.8874
330.5,3.8892
330.6,3.891
330.7,3.8928
330.8,3.8946
330.9,3.8964
331,3.8982
331.1,3.8999
331.2,3.9016
331.3,3.9034
331.4,3.9051
331.5,3.9069
331.6,3.9087
331.7,3.9105
331.8,3.9122
331.9,3.9139
332,3.9156
332.1,3.9173
332.2,3.9191
332.3,3.9208
332.4,3.9225
332.5,3.9243
332.6,3.926
332.7,3.9277
332.8,3.9293
332.9,3.931
333,3.9328
333.1,3.9345
333.2,3.9362
333.3,3.9379
333.4,3.9395
333.5,3.9412
333.6,3.9428
333.7,3.9445
333.8,3.9462
333.9,3.9478
334,3.9495
334.1,3.9511
334.2,3.9527
334.3,3.9544
334.4,3.956
334.5,3.9576
334.6,3.9592
334.7,3.9608
334.8,3.9624
334.9,3.964
335,3.9656
335.1,3.9672
335.2,3.9688
335.3,3.9704
335.4,3.972
335.5,3.9735
335.6,3.9751
335.7,3.9767
335.8,3.9782
335.9,3.9798
336,3.9814
336.1,3.9829
336.2,3.9845
336.3,3.986
336.4,3.9876
336.5,3.9891
336.6,3.9907
336.7,3.9923
336.8,3.9939
336.9,3.9954
337,3.9969
337.1,3.9985
337.2,4.0001
337.3,4.0017
337.4,4.0032
337.5,4.0048
337.6,4.0064
337.7,4.0081
337.8,4.0097
337.9,4.0113
338,4.0129
338.1,4.0145
338.2,4.016
338.3,4.0177
338.4,4.0194
338.5,4.0211
338.6,4.0228
338.7,4.0245
338.8,4.026
338.9,4.0276
339,4.0292
339.1,4.031
339.2,4.0328
339.3,4.0346
339.4,4.0364
339.5,4.0381
339.6,4.0398
339.7,4.0415
339.8,4.0433
339.9,4.0451
340,4.0469
340.1,4.0488
340.2,4.0508
340.3,4.0526
340.4,4.0544
340.5,4.0563
340.6,4.0582
340.7,4.0601
340.8,4.062
340.9,4.064
341,4.0661
341.1,4.0681
341.2,4.0701
341.3,4.0721
341.4,4.0741
341.5,4.0761
341.6,4.0781
341.7,4.0803
341.8,4.0825
341.9,4.0847
342,4.0868
342.1,4.0889
342.2,4.091
342.3,4.0932
342.4,4.0954
342.5,4.0977
342.6,4.1
342.7,4.1023
342.8,4.1045
342.9,4.1068
343,4.109
343.1,4.1113
343.2,4.1136
343.3,4.1159
343.4,4.1183
343.5,4.1207
343.6,4.123
343.7,4.1254
343.8,4.1277
343.9,4.1301
344,4.1325
344.1,4.1349
344.2,4.1373
344.3,4.1397
344.4,4.1421
344.5,4.1445
344.6,4.1469
344.7,4.1493
344.8,4.1517
344.9,4.1541
345,4.1566
345.1,4.1591
345.2,4.1615
345.3,4.1639
345.4,4.1663
345.5,4.1687
345.6,4.1711
345.7,4.1735
345.8,4.1759
345.9,4.1783
346,4.1806
346.1,4.183
346.2,4.1853
346.3,4.1877
346.4,4.19
346.5,4.1924
346.6,4.1947
346.7,4.197
346.8,4.1992
346.9,4.2014
347,4.2037
347.1,4.2061
347.2,4.2084
347.3,4.2107
347.4,4.2128
347.5,4.2149
347.6,4.2171
347.7,4.2193
347.8,4.2214
347.9,4.2236
348,4.2258
348.1,4.2279
348.2,4.23
348.3,4.2321
348.4,4.2341
348.5,4.236
348.6,4.2381
348.7,4.2402
348.8,4.2423
348.9,4.2443
349,4.2464
349.1,4.2484
349.2,4.2503
349.3,4.2522
349.4,4.2541
349.5,4.2561
349.6,4.2582
349.7,4.2603
349.8,4.2623
349.9,4.2643
350,4.2661
350.1,4.268
350.2,4.2699
350.3,4.2719
350.4,4.274
350.5,4.2761
350.6,4.2782
350.7,4.2802
350.8,4.2822
350.9,4.2841
351,4.2861
351.1,4.2883
351.2,4.2905
351.3,4.2927
351.4,4.295
351.5,4.2972
351.6,4.2994
351.7,4.3016
351.8,4.3039
351.9,4.3062
352,4.3087
352.1,4.3112
352.2,4.3138
352.3,4.3163
352.4,4.3189
352.5,4.3215
352.6,4.3241
352.7,4.3268
352.8,4.3297
352.9,4.3326
353,4.3356
353.1,4.3387
353.2,4.3418
353.3,4.3448
353.4,4.348
353.5,4.3513
353.6,4.3547
353.7,4.3582
353.8,4.3618
353.9,4.3655
354,4.3692
354.1,4.373
354.2,4.3769
354.3,4.3809
354.4,4.385
354.5,4.3892
354.6,4.3935
354.7,4.3978
354.8,4.4023
354.9,4.4069
355,4.4115
355.1,4.4162
355.2,4.4211
355.3,4.4262
355.4,4.4313
355.5,4.4365
355.6,4.4418
355.7,4.4471
355.8,4.4526
355.9,4.4583
356,4.464
356.1,4.4699
356.2,4.4758
356.3,4.4819
356.4,4.488
356.5,4.4943
356.6,4.5006
356.7,4.5071
356.8,4.5138
356.9,4.5205
357,4.5273
357.1,4.5341
357.2,4.5411
357.3,4.5482
357.4,4.5554
357.5,4.5627
357.6,4.5701
357.7,4.5776
357.8,4.5852
357.9,4.5928
358,4.6005
358.1,4.6083
358.2,4.6162
358.3,4.6243
358.4,4.6324
358.5,4.6405
358.6,4.6487
358.7,4.657
358.8,4.6653
358.9,4.6737
359,4.6822
359.1,4.6908
359.2,4.6994
359.3,4.7081
359.4,4.7168
359.5,4.7254
359.6,4.7342
359.7,4.743
359.8,4.7519
359.9,4.7608
360,4.7698
